# Source: US Social Security Administration, national baby name data, male births 1975-2025 (public domain).
# https://www.ssa.gov/oact/babynames/limits.html
# Columns b1975..b2025 are births in each five-year bucket starting that year, divided by 10 and rounded.
# Written by tools/fetch-data.mjs. Do not edit by hand.
name,b1975,b1980,b1985,b1990,b1995,b2000,b2005,b2010,b2015,b2020,b2025
Michael,33776,34139,32242,27459,18788,14259,10812,8147,6375,4454,809
Christopher,23638,27787,27700,21499,14530,11015,9323,6052,4164,2795,475
Matthew,16035,22719,23177,19364,15804,12744,9419,6863,5647,3705,700
Joshua,10980,19003,20649,18565,14354,12889,10317,6474,4154,2708,477
David,20167,20067,18302,14450,10921,9491,8519,6470,5204,3882,679
James,19715,18867,16782,14242,10256,8540,7778,6869,7100,6058,1195
Daniel,12955,16480,18073,15069,12168,10679,9718,7377,6019,4464,809
John,17267,17060,15055,13233,10782,9022,7089,5471,4809,4034,803
Joseph,12798,15294,14648,14063,12012,10834,8663,6387,5185,3903,730
William,12359,12634,12194,11554,10228,10115,9326,8487,7511,5752,1055
Andrew,7741,11427,17080,14910,12384,11200,9059,6308,4200,2646,450
Jacob,2762,5028,7398,12979,16862,15522,11886,9679,6653,3903,615
Ryan,9856,13486,14407,13461,10664,9529,7795,5342,3759,2243,353
Robert,17070,16758,15407,12283,8263,6052,4615,3490,2776,2055,377
Anthony,8422,9661,11525,11610,10013,9875,9318,6694,4521,3307,597
Nicholas,5054,10134,12196,13892,13641,10711,7050,3992,2689,1787,312
Jason,26240,19579,9634,4652,4521,4878,3978,2898,2163,1351,222
Justin,6262,13825,15157,12355,9659,7446,4854,2980,1580,1029,151
Brandon,4369,10377,12844,13604,12338,8389,5911,3550,1863,945,133
Jonathan,6138,11079,11917,10749,9002,7792,6693,4746,3243,2156,382
Benjamin,5625,6834,7303,6744,6650,7059,6672,6570,6881,5516,976
Alexander,1338,2341,5860,9453,8942,8737,9148,7812,6404,4392,723
Kevin,9783,8812,10055,9672,6851,6027,5081,3198,1934,1032,163
Thomas,8218,8746,9036,8009,6655,5752,4459,3476,3527,3287,692
Brian,15168,13190,10210,7015,4916,4035,2943,1502,909,579,98
Tyler,756,2484,6161,13494,12738,9468,7091,3953,1984,1150,163
Eric,10193,10450,9973,8149,5376,4057,2891,1818,1337,822,126
Zachary,1439,3160,7022,11730,10799,8391,5084,3122,1993,1156,165
Samuel,2598,3062,4284,5733,6827,7240,6625,5698,5115,4199,833
Noah,341,693,545,764,4863,6361,7992,8838,9499,9567,2036
Nathan,4618,5437,5162,5217,5516,6721,6765,5105,3698,2678,498
Aaron,5890,7013,6823,7153,5684,4540,4160,3737,3312,2331,404
Adam,6058,10644,8865,6148,4543,3881,3222,2624,2446,1807,350
Ethan,311,361,688,2635,4058,9887,10296,8443,6468,4274,785
Charles,7289,6985,6205,5268,3976,3736,3797,3543,3460,2923,590
Steven,8291,8607,9139,7623,4488,3139,2252,1559,1131,723,126
Timothy,8922,8819,8465,6513,4265,3043,2205,1589,1234,925,173
Kyle,1961,4547,9648,10289,7733,4908,2708,1480,934,424,59
Jose,3594,4181,4484,5865,6039,6218,5357,3162,2356,1940,368
Christian,1150,1227,1802,5206,7400,7395,6849,4892,3528,2266,364
Richard,8533,8172,7302,5721,3767,2735,2123,1512,1163,849,151
Austin,350,881,2250,6921,12093,6788,4490,3377,2536,1797,310
Dylan,250,400,1017,5446,6762,7728,6285,5086,4550,3493,621
Jeremy,9744,8298,7044,4794,2986,2093,1656,1324,1031,726,115
Jordan,395,1663,4054,7511,6965,5403,4716,3830,2623,1922,273
Logan,118,367,1031,2185,4172,6175,7229,6555,6130,3862,558
Gabriel,1544,1682,1550,2236,3246,5574,6409,5904,4658,3493,657
Elijah,231,355,402,851,2614,4824,6218,6955,6760,6094,1111
Liam,48,68,84,192,998,1658,2836,7785,9617,10402,2082
Mark,7691,6861,6084,4467,3115,2201,1525,1146,965,724,142
Jeffrey,8666,7875,6604,4341,2358,1538,1054,736,539,341,54
Mason,140,149,405,1099,2189,3836,5215,8834,6957,4102,629
Patrick,4281,5383,5758,5539,3754,2647,1832,1411,1120,861,150
Lucas,736,1367,1242,1764,2054,2757,4342,5524,6342,5558,1022
Sean,3668,4549,5838,5328,3872,3544,2869,1404,750,415,62
Caleb,321,736,1329,2601,4029,5566,5443,4936,3738,2869,522
Luke,729,1373,1332,1841,2602,4275,4776,4669,4659,3720,695
Cameron,531,702,1758,3464,4649,5354,4236,3604,3016,2507,435
Jack,824,787,807,1106,2644,4417,5134,4198,4372,4464,875
Isaac,656,896,941,1441,2586,4208,4869,4918,4540,3404,595
Stephen,4885,5465,5898,4763,2753,1722,1169,787,655,467,83
Cody,680,1618,4411,9100,5549,3017,1871,1014,677,558,108
Jackson,99,140,182,681,1679,3858,5591,6158,5468,4078,658
Paul,5896,5619,4820,3554,2339,1703,1394,1021,882,681,132
Juan,2409,2559,2586,3465,3627,3894,3691,2201,1542,1271,232
Bryan,3690,3869,4182,3280,2696,3224,2969,1617,953,593,101
Evan,496,1225,2024,2879,3061,4141,5074,4015,2461,1460,241
Jesse,2834,4440,4151,4285,3094,2251,2089,1401,1090,960,200
Henry,1034,1032,1041,1176,1349,1708,2568,4005,5254,5603,1202
Scott,7521,5964,4851,3214,1688,1019,605,387,303,243,56
Hunter,74,164,423,1524,4529,5376,4110,4060,3432,1858,276
Aiden,2,2,6,22,142,1815,6541,7308,5660,3775,505
Kenneth,4647,4619,4292,3453,2373,1879,1530,1120,901,668,115
Travis,3806,5201,5092,4523,2298,1394,1180,890,600,444,73
Jayden,1,2,7,35,277,2098,6762,7817,4793,3141,465
Isaiah,117,247,424,780,2879,4375,4904,4089,3543,2770,527
Angel,603,693,887,1466,2234,4015,5418,3602,2694,2423,476
Luis,1246,1661,2084,3063,3413,3761,3672,2211,1697,1396,248
Ian,1067,1687,2090,2699,2702,3130,3062,2777,2470,2219,392
Adrian,1100,1258,1556,1935,2263,2870,3742,3527,3072,2482,446
Connor,18,56,276,2122,3617,4374,4225,3679,3148,1686,221
Carlos,1927,2041,2109,2657,2862,3223,3097,1989,1541,1276,242
Gregory,4896,4784,4582,3338,1872,1167,840,608,440,302,49
Julian,353,448,845,1293,1474,2584,3455,3781,4172,3704,760
Nathaniel,1263,1839,2026,2329,2929,3360,3067,2374,1815,1352,257
Alex,742,1070,2801,3585,3498,3377,3001,1910,1350,964,152
Oliver,186,208,207,318,339,599,1495,3273,6543,7435,1494
Owen,154,186,219,234,732,2235,3953,4314,4796,4164,719
Jeremiah,1584,1694,1139,1003,1361,2282,3285,3676,3006,2025,384
Sebastian,65,100,184,573,887,2432,2955,3653,5016,4485,861
Edward,3462,3162,2921,2586,1930,1638,1446,1348,1179,878,159
Wyatt,92,108,173,396,1398,1892,3243,4076,4699,3633,648
Levi,276,555,710,944,1097,1174,1774,3546,4254,4748,964
Carter,58,55,113,231,742,1865,3368,4633,4893,3331,602
Bradley,3132,3439,3497,2707,2101,1309,1053,1112,904,508,79
Dustin,1844,4740,4992,3541,2136,1035,619,384,270,207,37
Jared,1774,2887,3144,3067,3313,2572,1230,629,449,431,80
Jesus,1045,1311,1429,2315,2598,3111,3021,1960,1419,1116,208
Shawn,4785,3402,3157,2535,1714,1313,1107,640,428,265,40
Antonio,1840,1946,2216,2230,2425,2392,2233,1589,1245,1056,206
Derek,1780,3467,3825,3211,1864,1431,1272,1031,767,591,119
Marcus,1954,2539,2642,2524,2126,1791,1776,1382,1032,754,134
Gavin,156,252,286,484,1244,3427,5418,4095,2139,950,113
Peter,2892,2886,2786,2354,1885,1457,1157,942,931,897,195
Landon,137,260,337,499,752,1582,4532,4660,3272,2040,284
George,2757,2421,2151,1947,1578,1479,1322,1259,1582,1381,285
Chase,70,522,1133,1565,2466,2567,3150,2928,2107,1319,190
Blake,313,1028,1512,2216,2372,2583,2428,2696,1476,794,108
Vincent,1232,1420,1785,2069,1602,1646,1881,1869,1815,1539,327
Dominic,447,539,691,1134,1430,2183,2628,2953,2565,1809,328
Joel,1930,2242,2115,1835,1545,1622,1746,1430,1152,880,163
Chad,5570,4092,2814,1717,995,515,337,204,124,64,10
Victor,1294,1481,1747,2134,1974,2063,2005,1437,1178,888,166
Miguel,896,1200,1356,2020,2081,2299,2311,1521,1173,987,166
Corey,2403,2083,3277,3172,1851,1052,695,461,338,233,33
Xavier,155,211,493,1068,1361,2235,3014,2639,2235,1805,323
Wesley,1452,1482,1627,1603,1222,1053,1056,1354,1763,2231,558
Colton,15,45,354,1264,1784,1561,1864,3018,2829,2082,342
Cole,77,365,507,1136,2251,2925,2760,1939,1701,1282,200
Seth,1160,1486,1627,1948,2273,2912,1904,939,528,304,51
Trevor,706,980,1689,2924,3071,2449,1557,922,483,293,40
Devin,369,695,1475,2465,3043,2845,2099,1090,552,364,55
Shane,2413,1835,2482,2375,1685,1471,1142,770,482,275,44
Josiah,74,178,262,401,691,1232,2094,2882,3431,2909,551
Theodore,604,574,622,540,471,481,574,1051,3002,5222,1336
Eli,213,262,284,386,471,965,1840,3734,3257,2275,342
Brayden,4,6,25,98,432,1444,3595,4071,2531,1294,155
Keith,3252,2777,2488,1828,1009,691,560,405,303,202,31
Alejandro,553,695,837,1561,1957,2219,2093,1460,1043,943,184
Raymond,2159,2123,2028,1799,1373,1105,941,734,606,479,81
Donald,3379,2828,2256,1674,1002,693,508,373,298,214,40
Ronald,3100,2571,2096,1624,1044,778,587,414,322,249,44
Alan,1101,1342,1341,1279,1130,1384,1580,1225,1195,1026,192
Grayson,22,35,74,142,331,495,922,2415,4225,3494,581
Parker,40,87,193,513,1110,1563,2010,2679,2244,1894,348
Carson,69,92,142,320,677,2002,2461,2379,2424,1749,288
Mateo,17,17,20,33,168,390,659,1400,3661,5123,1105
Nolan,114,211,256,532,647,1106,1532,2224,2781,2551,485
Garrett,386,749,1299,2155,2377,2293,1330,883,556,346,53
Diego,70,126,264,477,869,2049,3555,1797,1541,1406,235
Tristan,64,310,449,316,2076,1795,2535,2202,1668,823,110
Erik,1630,1953,1682,1890,1471,1267,974,597,454,345,55
Cooper,14,35,67,177,451,1055,2189,2538,2389,2606,747
Colin,441,728,1039,1342,1484,1974,1939,1570,902,568,95
Jorge,843,991,1183,1596,1677,1732,1570,998,773,610,107
Aidan,11,15,31,142,736,3477,4174,1621,923,591,104
Elias,172,193,255,365,520,797,1165,1633,2459,3377,884
Phillip,2039,2240,2331,1736,1061,782,565,420,343,253,43
Leo,244,235,219,234,240,454,774,1456,3014,3931,817
Bryce,250,350,678,969,1706,2069,1919,1649,1256,678,92
Micah,489,549,554,588,787,1109,1593,1847,1827,1883,382
Oscar,636,714,852,1305,1483,1626,1729,1180,1046,873,162
Jaxon,2,4,5,21,97,438,1136,3019,3901,2435,307
Jake,215,335,793,1459,1852,2060,1924,1385,757,433,68
Hudson,6,13,17,39,110,285,938,2043,3103,3837,858
Hayden,26,36,65,581,1054,2057,2948,1821,1170,1124,227
Asher,21,37,42,60,110,276,837,1790,3066,4054,746
Ivan,372,505,625,965,1086,1478,1594,1506,1486,1184,224
Brett,1299,1900,2229,1935,1607,939,527,241,154,105,13
Cory,1744,1705,2730,2285,1132,562,328,191,145,102,16
Ricardo,919,1137,1172,1460,1471,1402,1317,798,595,458,83
Miles,119,176,391,501,480,720,1059,1660,2000,2983,607
Taylor,153,481,1461,3710,2130,1057,710,427,288,225,40
Grant,399,652,801,978,1568,1491,1351,1261,1116,823,156
Francisco,798,917,1091,1464,1409,1394,1258,841,688,568,107
Frank,1971,1767,1592,1381,1016,790,658,511,437,340,58
Douglas,2618,2280,1894,1395,802,498,368,244,204,162,31
Max,210,261,613,901,921,1202,1535,1852,1562,1162,203
Spencer,378,435,1083,1838,1981,1680,1066,766,617,483,91
Damian,446,276,296,532,737,1101,1502,1810,1719,1664,321
Mario,1114,1303,1337,1296,1161,1144,1100,755,564,444,72
Maxwell,59,111,470,872,1219,1560,1445,1669,1576,1109,192
Gary,2730,2284,1739,1210,709,506,382,251,201,117,20
Derrick,1673,1896,1739,1465,934,719,634,508,348,200,29
Casey,1277,1690,1907,1804,1121,730,496,300,259,440,107
Ezra,76,83,93,99,186,310,523,1148,2717,3960,813
Martin,1055,1086,1237,1432,1101,988,889,678,657,564,101
Lincoln,64,59,57,82,88,171,710,1580,3621,2883,470
Omar,593,681,687,1129,1244,1346,1470,966,828,680,133
Tanner,71,176,394,1499,2240,1814,1355,1037,681,410,64
Mitchell,627,959,1495,2198,2004,1126,564,317,209,150,25
Manuel,914,964,1035,1237,1180,1172,1172,758,629,509,86
Santiago,113,131,132,184,244,442,1019,1559,2086,2959,755
Eduardo,477,497,648,1331,1391,1586,1555,961,614,475,78
Nicolas,276,454,573,880,1242,1436,1391,1097,1025,979,205
Riley,66,102,242,571,1313,1922,2040,1501,814,763,167
Troy,1709,1269,1184,1262,1020,696,780,686,498,333,56
Calvin,639,713,866,842,845,802,809,974,1335,1271,271
Preston,289,404,620,763,946,1316,1717,1449,1056,675,113
Philip,1581,1779,1794,1249,797,583,437,368,354,315,57
Dakota,14,22,224,1785,2880,1810,1008,493,473,490,107
Javier,558,672,777,1070,1142,1260,1203,906,814,721,125
Roman,151,171,224,313,365,538,935,1340,2170,2411,616
Johnathan,468,898,1293,1459,1267,1141,1051,702,479,326,59
Leonardo,131,151,169,303,425,792,1157,1430,2093,2057,379
Jace,33,56,110,167,287,580,1052,2384,2363,1736,308
Andre,1010,1074,1087,1163,946,891,889,710,657,557,87
Ayden,0,0,0,4,40,560,2070,2922,2041,1146,134
Brady,218,288,448,649,974,1293,2137,1357,816,573,107
Dennis,2099,1683,1363,1073,738,573,472,328,270,203,38
Giovanni,81,122,214,434,659,970,1452,1609,1433,1494,294
Larry,2389,1842,1286,947,647,495,419,331,203,123,20
Ashton,19,54,162,329,467,1442,1803,1504,1519,1219,180
Emmanuel,132,342,635,681,737,1017,1337,1255,1269,1083,204
Kaleb,33,72,182,543,947,1635,1841,1541,1063,688,114
Andres,279,431,573,881,1084,1212,1266,971,867,894,174
Craig,2290,2039,1770,1072,539,331,223,142,105,60,10
Johnny,1365,1232,1118,1074,775,713,719,631,495,372,68
Clayton,582,788,906,1019,1163,1113,754,683,711,576,113
Brendan,413,607,853,1152,1700,1573,1011,592,299,142,20
Jonah,110,159,130,234,774,1086,1284,1442,1363,1411,283
Bryson,32,82,137,202,390,761,1146,1862,2003,1396,242
Harrison,50,92,305,529,849,908,813,1116,1739,1533,307
Fernando,515,644,676,914,1029,1276,1239,797,589,474,82
Jaden,5,8,15,58,373,2086,2542,1642,832,507,77
Brody,34,41,82,162,339,593,2076,2316,1409,940,149
Randy,1674,1580,1372,999,680,512,524,361,203,123,20
Ezekiel,53,68,85,137,238,416,696,1008,2030,2802,509
Jerry,1900,1440,1135,930,728,573,492,339,253,172,26
Easton,2,6,14,38,103,224,496,2005,2675,2044,320
Curtis,1341,1528,1463,1168,753,525,441,301,231,149,23
Todd,3035,1812,1221,752,409,253,159,113,87,58,11
Hector,631,709,802,1005,944,983,1105,677,537,438,78
Collin,124,220,394,887,1489,1471,1312,1030,532,326,61
Dalton,30,47,110,1447,2152,1694,924,606,448,309,70
Abraham,317,405,464,584,719,919,1066,1042,1180,909,166
Luca,9,11,14,24,48,230,493,844,1650,3538,876
Edwin,622,651,739,922,826,1046,1162,696,526,445,80
Roberto,804,910,872,1028,979,966,835,540,391,297,52
Arthur,963,886,793,683,495,423,412,468,795,1367,385
Russell,1547,1478,1187,854,520,424,356,349,392,434,94
Edgar,359,438,723,1134,1088,1135,1124,682,480,372,62
Brent,1683,1645,1483,1019,643,381,250,153,101,66,12
Kayden,0,0,1,11,44,264,1062,2011,2025,1675,268
Tony,1474,1278,1172,971,643,514,471,343,261,180,33
Allen,958,1086,1105,989,706,675,584,472,411,280,51
Jeffery,1793,1615,1342,931,536,367,282,201,143,88,11
Weston,74,138,203,312,299,329,470,1107,1774,2037,548
Sergio,409,583,732,990,1023,1001,944,619,490,408,71
Cesar,358,425,492,825,960,1190,1171,751,558,443,82
Caden,1,3,6,55,230,1367,2307,1343,894,825,174
Louis,905,876,860,816,628,553,473,520,662,719,139
Axel,12,14,30,67,86,466,595,1273,1908,2234,414
Erick,367,442,458,743,825,1018,1125,773,694,536,88
Maverick,4,6,18,47,88,111,220,519,2078,3342,589
Cristian,31,70,125,660,1293,1340,1379,863,600,514,91
Kaden,1,3,11,56,247,1243,2221,1496,947,633,103
Kai,34,43,53,84,180,499,763,987,1611,2316,377
Devon,189,288,638,1307,1536,1295,869,380,215,149,22
Rafael,502,599,629,733,704,734,770,625,654,757,164
Jaxson,0,0,0,5,36,181,574,1826,2414,1581,237
Drew,245,579,980,925,1009,833,838,613,355,279,54
Walter,1076,937,820,708,494,415,398,432,629,634,138
Ruben,688,730,756,876,818,828,710,482,391,320,63
Carl,1360,1370,1177,889,580,418,302,224,198,120,19
Ryder,8,7,13,36,77,176,887,1840,1767,1569,271
Danny,1214,1043,959,809,573,536,519,411,300,238,45
Terry,1721,1336,1080,787,517,366,298,233,172,106,19
Marco,420,475,507,777,924,1013,899,622,491,413,86
Sawyer,1,2,26,135,210,261,754,1390,2013,1497,294
Alexis,126,265,239,465,1161,1476,1327,703,411,320,58
Everett,160,160,152,151,151,185,366,895,1846,2019,429
Silas,53,59,59,73,118,246,485,1260,1703,1983,464
Braxton,15,26,61,152,356,503,888,1430,1603,1208,213
Malachi,25,29,45,96,256,793,1285,1184,1275,1194,269
Bennett,40,63,94,116,186,284,429,924,1567,2118,627
Dillon,34,100,350,1819,1447,1021,750,439,278,177,25
Beau,226,417,301,313,248,267,346,562,1215,1992,517
Jimmy,1189,1055,897,798,613,573,474,314,224,159,29
Lorenzo,264,324,383,431,485,484,525,625,1062,1395,307
Pedro,501,573,645,812,801,803,759,509,415,378,68
Damien,487,482,334,430,477,820,1032,857,669,557,94
Jameson,39,100,157,118,117,173,378,955,1900,1932,261
Marc,1277,1059,993,769,663,562,320,208,152,96,16
Lawrence,1143,1040,924,795,521,408,354,300,289,264,58
Albert,954,963,887,785,609,499,412,354,334,246,46
Gage,11,10,40,451,870,1355,1387,1145,549,222,24
Dean,440,384,422,422,390,358,445,702,1048,1162,288
Greyson,3,5,18,34,90,137,335,1110,2210,1832,244
Israel,300,307,324,441,576,702,913,770,807,735,108
Mathew,607,851,1012,933,747,595,466,335,256,144,24
Myles,53,73,180,321,389,522,587,779,1002,1646,351
Camden,6,13,38,75,167,540,873,1491,1481,1042,172
Avery,109,113,175,331,615,728,858,984,1059,808,116
Bentley,9,11,15,13,17,37,123,2544,1852,1101,165
Shaun,1474,1518,929,526,337,339,362,202,120,67,8
Ricky,1011,1063,952,785,557,427,390,287,206,155,25
Andy,480,444,402,545,684,867,915,649,473,332,52
Declan,3,5,10,23,91,270,457,1264,1846,1617,257
Jonathon,425,846,1111,1226,917,598,359,181,102,64,12
Jay,1067,853,731,610,459,421,395,379,413,423,81
Lance,899,954,991,716,494,607,448,269,209,153,28
Kristopher,1006,1012,994,821,557,427,348,258,182,113,17
Josue,97,174,277,488,586,790,1042,797,731,575,103
Bobby,1294,1246,956,693,446,316,255,181,147,106,20
Billy,1491,1250,815,656,439,310,258,178,132,105,20
Conner,3,11,58,423,841,1132,1361,986,534,237,28
Jamie,1875,1083,758,583,326,220,195,147,152,217,51
Trenton,159,205,383,588,882,1050,1040,733,359,173,21
Abel,192,227,246,306,342,382,455,940,1416,915,153
Rodney,1412,956,831,724,488,354,292,210,152,111,20
Amir,44,79,106,138,224,366,521,762,1287,1683,330
Raul,532,608,605,736,725,715,627,393,300,244,44
Jaime,668,662,623,713,644,632,573,362,295,239,42
Graham,139,241,255,304,296,315,448,818,1107,1221,297
Tucker,36,56,99,272,431,523,716,1030,1096,968,201
Donovan,162,152,303,534,690,961,972,679,550,351,61
Micheal,1103,983,891,747,540,413,315,187,113,81,13
Waylon,110,127,68,61,59,96,238,513,1248,2296,541
Joe,1054,893,758,678,513,453,368,259,196,144,23
Chance,103,169,304,459,864,740,694,764,670,484,71
Roger,1156,1007,793,639,426,339,297,239,208,179,30
Emmett,60,54,53,75,89,137,270,991,1625,1648,295
Kaiden,0,0,0,6,35,262,889,1382,1427,1109,148
Brooks,68,167,116,117,121,132,221,511,1114,2196,488
Armando,468,513,529,653,715,698,608,420,320,267,54
Darren,818,759,811,701,551,479,413,321,229,140,19
Simon,194,248,291,328,424,666,677,742,746,712,153
Colby,156,241,443,719,708,1268,650,461,259,229,46
Zane,75,108,183,310,505,730,754,811,914,653,105
Jon,1183,992,778,609,428,353,271,194,164,135,25
Jude,53,45,42,46,65,235,701,1237,1276,1183,238
Dawson,10,13,22,50,525,986,701,534,947,1084,249
Alec,46,86,214,980,1611,924,449,318,290,177,23
Charlie,310,282,264,243,248,320,517,775,874,1019,246
Peyton,18,19,40,103,518,1013,1484,1071,513,276,40
Elliot,109,196,251,291,235,289,456,714,1122,1171,242
Rowan,5,7,11,20,51,142,408,590,1312,1955,521
Darius,175,256,461,1024,942,696,548,376,279,202,32
Griffin,28,32,102,186,608,728,728,791,813,797,163
Julio,381,423,510,738,646,628,650,390,295,250,44
Gael,0,0,1,4,5,149,542,824,1210,1779,386
Malik,72,64,79,290,1505,849,628,488,434,403,72
Lee,980,1071,908,578,323,227,189,177,178,182,37
Leon,459,423,340,284,234,236,271,433,744,1153,258
Elliott,124,220,256,288,207,226,391,642,1117,1126,229
Gerardo,333,336,388,619,731,748,611,405,304,247,40
Maddox,0,0,0,0,6,124,830,1164,1404,1018,166
Dallas,208,281,284,464,580,410,455,548,651,675,148
Randall,1001,1005,927,657,376,234,174,125,100,77,12
Zion,4,4,4,12,148,459,705,753,1026,1320,250
Felix,265,261,270,311,318,342,416,558,775,959,206
Dante,174,200,237,354,647,649,598,622,534,541,110
Willie,1076,946,743,591,381,284,232,181,132,83,15
Marcos,256,322,370,532,647,690,670,445,358,313,58
Damon,1052,342,291,462,502,512,357,363,350,360,60
Kingston,3,2,4,6,13,20,433,977,1589,1414,173
Bruce,859,777,656,470,320,269,284,321,343,276,56
Maurice,734,812,746,600,409,368,350,270,194,126,22
Angelo,276,298,318,373,426,550,630,557,536,546,112
Roy,945,796,635,511,349,289,269,240,262,260,57
Enrique,321,378,385,528,650,693,600,406,323,275,52
Tyson,369,444,443,222,292,474,665,681,511,408,57
Emilio,100,113,156,295,379,439,582,576,701,967,240
Braden,51,85,149,269,570,1092,1315,605,274,113,18
Jasper,67,83,103,120,135,207,305,702,1120,1414,280
Jayce,5,6,39,36,75,193,360,1001,1431,1168,220
Frederick,832,710,596,510,374,301,262,261,291,323,73
Alberto,371,477,532,682,625,592,494,307,234,182,30
Gerald,1034,829,721,596,384,293,222,168,135,104,17
Dominick,153,168,230,384,514,724,804,640,455,292,45
Lukas,37,73,117,220,311,447,714,759,837,763,116
August,52,52,64,83,133,149,237,490,1093,1637,396
Marvin,618,580,570,564,418,410,413,292,250,220,39
Walker,29,36,48,115,257,318,324,392,614,1703,420
Emiliano,26,23,23,32,64,260,514,651,958,1286,370
Marshall,343,409,388,437,390,384,355,463,487,421,98
Skyler,19,102,250,537,693,745,660,582,351,199,33
Eddie,692,634,567,551,415,360,351,241,180,149,28
Cayden,0,0,0,13,56,365,1074,1197,779,562,77
Ryker,0,0,5,22,41,76,273,914,1474,1115,200
Trent,299,285,407,523,626,730,576,371,187,94,14
Ty,176,189,174,337,592,826,887,467,254,179,31
Wayne,982,832,644,468,283,204,168,150,156,171,42
Jaylen,0,0,0,70,300,814,1055,727,488,545,91
Jalen,1,1,1,372,740,1396,649,304,244,305,71
Ramon,523,544,509,554,494,428,386,243,191,156,29
Brock,314,261,371,431,480,623,621,446,288,175,31
Reginald,762,687,663,586,386,288,239,176,131,100,15
Xander,0,0,0,5,31,350,641,834,1097,936,134
Lane,71,80,110,190,513,509,515,593,624,674,138
Fabian,153,187,257,383,425,571,626,555,424,344,66
Corbin,35,30,127,275,347,537,628,833,724,386,59
River,1,1,7,29,173,177,268,407,979,1610,314
Arturo,336,382,396,518,508,513,475,294,248,236,45
Clinton,872,1020,733,606,187,130,128,110,81,57,9
Trey,56,100,239,546,716,772,617,404,237,191,27
Tommy,688,563,484,442,462,396,275,188,172,178,42
Kyler,7,20,67,209,437,535,627,649,631,628,79
Kameron,21,28,99,267,440,596,628,634,664,441,66
Terrance,624,633,624,590,365,286,279,208,152,92,11
Keegan,27,62,110,243,416,609,797,729,543,264,45
Pablo,216,250,263,367,433,513,536,402,384,400,74
Emanuel,130,211,276,314,355,497,657,568,410,321,51
Alfredo,351,381,403,506,505,479,416,272,227,175,30
Bryant,274,317,650,560,437,476,374,274,199,134,15
Ismael,174,203,223,305,368,425,466,394,417,587,131
Warren,412,405,366,327,269,236,260,292,447,530,147
Ross,410,683,888,612,434,222,134,102,82,69,12
Milo,29,27,25,28,37,95,235,468,914,1477,297
Franklin,422,409,414,397,316,262,287,274,358,393,91
Desmond,184,200,340,420,366,302,330,466,480,438,84
Darrell,798,688,628,469,287,217,194,148,106,64,10
Neil,713,637,546,423,276,201,181,188,211,160,29
Malcolm,162,134,319,616,391,286,228,294,417,584,126
Drake,14,32,86,270,474,608,745,719,330,228,30
Thiago,0,0,4,6,5,17,45,197,832,1831,584
Jermaine,671,823,457,342,265,278,271,188,133,78,12
Julius,203,265,249,238,214,311,508,483,511,459,76
Judah,22,24,27,35,63,145,347,655,936,1053,205
Francis,456,474,467,403,305,249,204,231,314,329,77
Tyrone,778,589,571,468,325,240,199,144,97,72,13
Chris,765,381,270,235,280,339,428,311,247,196,43
Finn,2,3,3,7,34,131,360,644,1116,1010,170
Ronnie,777,635,522,422,283,221,201,164,130,104,20
Gustavo,160,210,276,442,456,588,514,321,245,216,45
Maximus,0,0,0,0,3,331,531,905,963,608,125
Enzo,6,4,7,10,26,80,177,356,700,1641,456
Chandler,31,43,99,278,1019,774,349,314,303,213,34
Jessie,445,594,563,555,375,298,262,169,107,78,13
Cade,28,35,51,97,361,806,561,432,399,544,139
Jerome,694,647,572,436,287,223,203,153,129,91,16
Rylan,10,16,26,40,92,267,758,1063,644,457,77
Quinn,82,95,131,247,411,490,620,511,452,345,66
Wade,456,331,366,331,268,224,225,234,416,490,95
Reid,83,129,156,216,267,277,376,628,638,538,115
Rhett,81,72,76,84,134,133,169,305,1002,1172,194
Melvin,584,505,439,401,298,324,306,203,168,151,24
Morgan,185,342,378,472,538,409,376,219,182,247,53
Quentin,250,288,345,334,478,416,423,339,276,215,24
Leonard,662,582,465,379,248,207,185,179,215,201,44
Adriel,14,22,26,40,46,88,188,297,813,1423,392
Jaiden,0,0,0,5,48,377,1003,945,575,332,45
Nickolas,176,315,409,523,550,493,408,220,134,74,12
Brad,1201,872,486,253,185,121,96,50,29,16,2
Ali,113,125,160,223,291,381,393,444,543,523,112
Saul,154,190,221,295,443,537,517,349,283,262,54
Matteo,5,8,10,15,53,109,215,373,1090,1173,246
Steve,655,546,493,433,332,287,223,140,94,62,11
Salvador,292,327,338,448,413,418,369,242,207,184,34
Byron,431,481,485,415,288,249,285,248,191,146,23
Brennan,57,85,187,337,494,559,616,520,243,122,23
King,16,18,15,22,22,34,161,742,1302,827,79
Terrence,577,534,533,488,284,210,220,179,122,72,11
Zayden,0,0,0,0,0,25,210,804,1054,967,166
Holden,4,6,47,121,218,305,425,573,734,676,114
Jayson,318,272,221,199,293,416,456,421,321,252,38
Orlando,351,350,414,360,326,355,394,273,198,157,28
Amari,1,1,4,12,76,232,427,508,697,1043,200
Eugene,709,585,471,358,251,205,170,145,140,133,25
Jakob,22,41,81,213,604,921,555,411,208,114,14
Theo,25,15,39,29,31,53,86,167,652,1684,395
Esteban,140,167,193,290,355,412,454,384,363,345,67
Ernest,726,625,498,373,233,188,145,116,105,100,21
Zackary,42,94,243,504,634,629,472,272,129,82,12
Ernesto,273,323,343,412,399,417,364,234,176,137,27
Joaquin,118,122,121,140,166,256,561,495,495,521,93
Brantley,14,17,30,32,36,41,52,1044,1203,549,61
Jamal,268,265,454,590,437,348,242,171,155,110,17
Barrett,79,112,105,85,76,94,179,374,781,954,214
Zachariah,137,212,287,408,356,333,331,325,339,267,56
Archer,1,1,1,4,9,29,91,387,760,1394,363
Stanley,552,490,431,353,260,219,194,174,180,155,28
Kendrick,230,238,303,342,282,245,240,362,396,336,56
Noel,229,234,243,263,264,283,298,349,412,366,64
Demetrius,336,335,384,478,361,308,267,212,166,126,16
Kelvin,366,334,382,402,337,321,305,221,166,118,21
Nelson,344,326,375,402,314,302,286,222,205,170,30
Dale,697,575,474,366,255,225,138,85,75,66,13
Karter,0,0,1,6,16,54,154,551,1136,903,127
Hugo,126,171,203,287,275,348,385,322,356,379,84
Harold,695,513,405,324,228,184,163,133,142,120,23
Alvin,400,385,362,328,263,256,268,238,215,171,29
Beckett,0,0,0,1,6,35,208,561,877,977,252
Zachery,69,151,387,786,674,420,241,106,41,26,4
Luka,2,2,3,7,13,68,134,192,466,1622,387
Deandre,102,162,320,530,506,386,297,242,189,125,18
Zander,0,0,1,4,25,294,531,702,712,523,80
Joey,538,476,336,312,227,237,228,197,160,129,27
Geoffrey,649,640,633,420,197,123,76,54,36,23,3
Moises,118,146,168,264,325,420,420,306,331,275,50
Dwayne,644,486,421,343,218,171,178,155,118,77,11
Adan,86,119,138,186,204,325,558,442,370,326,63
Paxton,11,10,12,30,66,89,261,668,872,657,99
Harry,481,394,358,303,238,223,208,168,192,173,33
Colt,7,100,112,109,113,88,215,481,685,742,119
Rene,347,357,369,393,321,298,243,164,124,111,20
Glenn,618,538,481,360,231,155,118,86,76,63,12
Terrell,268,340,452,430,362,267,247,171,113,74,11
Conor,44,103,165,421,404,332,262,234,460,273,29
Cash,8,11,16,24,27,69,484,676,663,625,118
Tobias,133,95,86,94,133,212,269,281,660,624,120
Messiah,3,2,3,8,22,57,148,367,934,995,167
Rory,170,260,214,143,128,136,137,264,435,640,177
Branden,117,297,445,512,457,362,259,138,64,29,4
Landen,4,9,14,28,76,312,922,728,380,187,21
Ray,417,409,374,316,224,190,200,173,164,162,32
Quinton,119,220,278,375,407,313,279,248,227,169,24
Reed,75,102,118,183,267,249,313,451,450,365,77
Tate,41,30,36,97,180,299,349,389,340,703,186
Cruz,43,48,82,95,118,168,343,580,519,541,103
Jett,3,5,12,17,56,160,272,473,568,845,217
Dane,108,252,427,291,254,278,401,274,166,137,30
Anderson,36,41,50,76,89,143,434,573,578,504,90
Cedric,426,448,351,290,277,232,194,148,113,112,21
Shannon,1092,527,285,228,157,109,84,47,38,27,4
Legend,0,0,0,2,13,19,60,154,774,1373,186
Darryl,356,483,549,419,236,162,130,100,78,50,7
Lewis,333,300,284,259,194,171,171,193,263,320,74
Rodrigo,84,100,109,208,297,348,456,325,294,279,61
Kurt,554,557,511,353,216,134,79,58,52,38,6
Atlas,2,3,2,3,4,6,19,103,532,1416,441
Barry,726,588,404,265,158,104,79,58,75,62,11
Brenden,35,62,124,263,531,618,481,264,95,42,4
Karl,457,490,447,368,243,163,117,85,78,55,11
Jax,0,0,0,0,25,53,164,654,877,641,96
Ace,12,15,19,18,19,33,140,271,614,1139,224
Khalil,28,36,44,121,372,299,283,294,398,529,83
Sam,197,184,219,287,257,280,295,261,243,206,43
Emerson,36,38,48,60,72,115,262,425,634,632,137
Phoenix,1,1,3,25,72,162,347,400,663,682,103
Solomon,105,119,121,133,205,263,300,335,425,368,77
Johnathon,111,255,415,510,398,294,212,130,72,45,7
Leonel,61,82,107,154,165,222,292,311,451,499,94
Kelly,718,567,410,272,142,87,67,52,55,55,8
Matias,13,16,19,29,41,72,133,225,681,988,214
Ralph,592,450,350,261,187,155,123,98,100,90,21
Titus,63,76,69,70,90,172,273,474,595,449,91
Grady,83,68,79,87,91,159,430,492,430,398,85
Guillermo,178,210,227,316,331,313,296,198,163,145,26
Remington,1,21,44,66,95,102,154,368,734,704,111
Allan,261,285,275,291,249,268,252,180,160,145,22
Jase,3,9,22,25,42,91,209,1031,651,266,38
Davis,58,81,123,197,315,353,361,328,293,235,41
Nikolas,37,71,124,225,370,409,373,272,242,219,38
Payton,10,14,44,128,352,683,616,313,135,71,11
Gilbert,407,398,359,316,226,195,167,118,96,80,15
Alfred,453,407,338,277,196,152,140,115,129,134,29
Maximiliano,10,10,15,45,62,149,234,460,657,600,121
Kody,34,72,226,529,466,343,244,175,137,107,20
Gunner,2,4,5,45,107,151,264,600,686,422,60
Knox,0,1,3,4,9,15,60,420,785,866,184
Caiden,0,0,0,4,20,167,583,638,536,340,48
Kendall,152,189,287,441,342,281,221,189,124,91,16
Kade,11,21,37,69,188,338,339,355,414,458,94
Moses,165,173,155,167,197,258,281,270,309,290,58
Marquis,110,190,300,487,396,269,223,155,108,72,10
Clifford,521,550,405,270,160,105,85,67,74,70,14
Quincy,299,210,157,216,204,268,266,213,227,210,42
Jonas,94,146,92,91,181,261,466,286,361,280,48
Dominique,53,123,385,783,315,181,144,127,102,74,12
Cohen,1,2,2,8,17,58,395,448,547,653,159
Alonzo,161,164,198,215,211,210,223,242,284,299,59
Cyrus,57,79,74,91,138,231,266,293,368,533,128
Kobe,0,0,1,0,241,621,290,280,257,503,58
Romeo,28,31,44,45,105,183,265,459,464,512,113
Sterling,104,127,170,249,222,174,129,195,352,409,94
Mauricio,75,88,120,182,227,358,402,281,242,207,41
Clay,202,178,223,258,323,271,138,150,177,236,52
Keaton,7,18,76,178,317,364,411,376,265,159,33
Howard,510,398,308,232,159,132,116,104,107,107,23
Orion,33,36,37,56,130,197,240,339,520,503,101
Kenny,210,288,272,265,267,267,250,157,117,80,16
Dexter,138,130,299,242,144,108,149,376,340,218,39
Felipe,182,211,213,278,258,288,270,179,147,133,24
Heath,545,370,282,193,129,122,141,127,121,122,25
Muhammad,40,52,50,66,107,153,183,311,470,599,147
Nash,8,10,19,29,78,86,152,287,639,730,136
Clarence,459,407,329,271,183,138,121,95,84,63,12
Jarrod,420,495,423,306,245,136,54,39,25,14,1
Leland,105,101,109,113,76,62,392,434,392,308,61
Nathanael,112,175,177,198,263,283,289,229,200,176,44
Rudy,261,255,281,280,225,201,182,143,131,145,35
Antoine,345,375,387,246,171,164,171,117,92,60,10
Karson,3,5,10,22,48,145,249,443,628,517,69
Tristen,3,15,30,29,473,442,479,382,183,90,12
Dorian,105,97,129,183,204,298,291,247,268,260,56
Arlo,17,13,13,10,11,21,49,155,524,1071,244
Marlon,315,230,223,228,227,228,229,176,137,110,20
Forrest,150,161,188,429,222,101,74,107,234,372,85
Adonis,26,26,26,61,106,103,131,166,442,884,146
Nico,7,7,44,123,88,115,178,267,379,703,207
Toby,490,230,146,145,168,252,234,194,147,90,23
Aden,11,9,9,17,38,298,669,566,315,161,22
Clark,113,145,156,145,124,111,163,262,426,375,84
Nehemiah,16,36,35,42,71,155,397,453,440,375,74
Gideon,22,34,37,46,63,124,222,382,540,524,99
Ariel,95,137,161,242,225,203,246,171,264,269,53
Uriel,24,35,59,141,200,272,372,292,282,313,71
Ronan,1,4,5,5,27,109,225,322,587,634,141
Ellis,77,73,79,88,91,98,138,221,489,562,142
Rodolfo,217,264,253,292,274,252,208,123,93,67,12
Alfonso,208,216,238,272,248,229,222,142,127,120,22
Jarrett,145,218,274,284,406,360,153,90,68,41,6
Ben,294,235,215,170,175,207,211,164,170,160,29
Issac,74,97,89,141,209,307,372,299,232,185,26
Beckham,0,0,0,0,0,12,88,223,586,899,219
Tomas,136,163,169,214,238,256,247,185,175,181,39
Reece,13,20,58,102,186,369,353,283,237,289,68
Ahmad,95,104,128,164,229,286,252,231,240,206,41
Roderick,378,355,307,258,174,141,124,99,81,46,9
Wilson,111,133,153,217,198,241,248,211,213,200,41
Noe,103,132,142,196,219,268,286,223,193,165,34
Ezequiel,34,46,50,94,163,188,238,237,327,486,94
Earl,479,420,320,241,150,106,85,56,55,38,6
Bailey,8,17,31,62,930,520,169,74,61,64,14
Ari,62,66,61,78,89,130,214,306,405,456,81
Roland,245,219,204,175,136,122,144,170,257,218,47
Justice,14,17,19,107,368,352,341,273,261,163,19
Blaine,122,137,230,246,217,264,216,209,158,109,23
Clint,486,486,263,277,123,71,55,55,61,46,6
Bernard,390,340,311,252,164,122,103,82,79,71,14
Rogelio,171,190,204,247,231,248,235,155,121,104,18
Harley,98,119,112,272,286,282,229,202,176,124,20
Mohamed,25,44,63,105,178,246,287,322,325,267,57
Kane,25,27,46,81,144,151,216,252,451,440,70
Kristian,130,77,95,221,298,280,280,217,170,117,18
Jamison,113,96,123,125,126,168,242,289,346,242,32
Brendon,90,122,196,303,381,323,243,136,66,32,5
Iker,0,0,0,0,1,10,52,610,735,403,82
Prince,33,79,74,60,65,93,141,304,506,467,70
Leroy,373,304,256,207,149,113,103,103,114,133,27
Hayes,9,8,10,15,26,38,74,177,415,884,224
Braylon,0,3,7,19,33,73,547,614,313,244,29
Harvey,160,129,112,93,72,73,78,171,379,472,138
Lamar,226,289,317,251,143,132,158,153,114,73,12
Kyrie,0,0,2,7,9,10,12,140,740,800,142
Maximilian,16,24,69,103,173,243,268,320,331,266,50
Darnell,251,293,336,269,183,136,152,106,71,44,6
Daryl,445,354,330,217,135,95,83,59,61,42,11
Atticus,1,2,4,12,24,59,163,333,498,611,121
Skylar,9,46,112,249,328,333,284,234,141,74,11
Kirk,430,349,370,257,139,83,59,51,41,29,5
Gilberto,179,200,203,267,240,233,203,117,82,65,11
Raphael,87,90,138,166,129,140,178,200,273,319,81
Rocco,72,71,66,62,54,132,309,347,319,296,68
Nasir,6,8,7,17,89,238,328,243,384,408,62
Malakai,0,0,1,3,10,75,169,230,406,723,166
Winston,82,87,112,135,117,109,125,185,363,385,83
Norman,386,326,259,209,135,114,93,77,82,80,17
Ibrahim,20,29,38,68,96,153,213,294,394,380,94
Rolando,199,216,206,205,203,215,208,132,99,81,14
Isiah,29,50,115,204,344,381,323,154,87,69,12
Finley,3,2,3,3,7,31,123,281,609,596,102
Isaias,29,44,55,89,145,207,260,251,270,332,76
Javon,44,57,102,216,280,328,332,179,106,89,17
Courtney,332,384,391,233,120,78,75,65,43,25,4
Pierce,9,20,58,91,149,229,261,291,302,277,60
Zackery,39,76,183,357,393,308,205,100,43,23,3
Jensen,11,18,24,30,51,58,91,269,510,547,121
Kash,2,3,5,8,11,23,100,287,493,678,118
Ramiro,153,166,164,234,234,231,199,130,101,94,20
Clifton,456,356,283,178,116,93,72,58,52,48,8
Kolton,0,2,16,76,155,168,232,373,349,297,49
Gordon,267,259,244,201,153,129,101,97,131,112,21
Kareem,197,165,141,167,150,159,153,162,176,206,38
Gunnar,10,10,19,98,178,187,239,315,353,253,46
Stefan,108,131,270,316,224,145,107,121,138,121,22
Mohammad,32,67,105,157,202,214,191,211,239,233,53
Kellen,3,137,149,94,104,164,276,408,208,133,20
Abram,64,75,70,66,81,126,234,350,376,217,35
Moshe,53,60,91,98,127,158,202,246,270,311,73
Ahmed,40,64,80,113,157,227,220,250,272,204,38
Kieran,22,28,34,76,141,208,233,246,283,313,82
Stuart,281,307,354,282,153,103,68,44,35,26,5
Brayan,1,2,8,33,100,348,507,298,177,149,33
Vicente,107,124,121,165,170,193,199,163,166,193,50
Royce,86,95,99,100,82,73,108,244,334,369,61
Keenan,65,96,156,311,287,192,177,129,119,96,15
Reese,23,25,50,80,153,332,312,231,180,203,48
Colten,1,7,49,164,210,196,298,346,207,136,24
Derick,180,249,247,223,164,142,150,114,82,67,12
Conrad,90,106,126,142,140,126,135,164,242,279,77
Killian,0,3,11,42,68,65,117,170,618,451,77
Rashad,124,131,247,283,186,148,179,146,102,62,10
Aron,139,142,125,150,154,156,195,177,156,175,38
Callum,0,1,3,11,31,47,86,139,232,756,300
Asa,40,69,70,82,98,144,199,238,284,310,62
Porter,11,12,13,23,50,134,268,348,378,307,53
Mohammed,31,59,83,125,182,201,184,236,233,210,49
Mike,267,174,177,168,160,165,147,118,95,97,16
Fredrick,333,276,210,193,148,111,98,73,67,60,9
Duane,481,301,224,154,107,86,73,59,48,37,5
Tyrell,38,128,243,282,269,206,155,113,79,52,8
Darian,73,41,51,212,293,252,201,161,133,120,25
Sage,20,16,22,93,173,182,159,158,293,378,68
Stetson,0,8,35,68,61,42,53,95,204,728,266
Jamar,133,237,258,213,130,159,157,121,84,56,7
Damion,207,106,84,160,238,277,227,126,74,49,6
Deshawn,82,79,127,244,255,221,211,150,98,70,10
Armani,0,0,8,43,112,132,190,283,300,412,61
Sonny,130,103,126,101,83,103,120,116,165,381,114
Gianni,13,15,15,37,100,134,222,258,292,390,57
Elian,0,0,0,0,3,144,114,139,294,588,245
Lonnie,399,301,212,176,113,86,73,59,51,47,9
Jamari,1,4,8,28,73,207,345,301,248,259,51
Kayson,0,1,1,3,9,19,76,229,453,600,131
Donte,103,149,212,255,244,181,152,99,65,46,8
Frankie,206,184,182,173,134,116,160,125,105,104,26
Luciano,30,37,41,48,71,99,161,206,290,416,112
Salvatore,181,167,172,169,148,153,128,118,119,125,25
Will,118,119,116,135,158,212,232,173,125,95,17
Lawson,10,12,16,25,45,99,172,242,385,410,83
Daxton,3,0,1,8,19,40,99,212,524,501,83
Izaiah,0,1,2,10,61,187,318,344,260,263,44
Kason,4,8,12,16,32,63,182,372,420,333,48
Vernon,329,302,235,168,116,88,69,61,55,54,13
Milan,24,20,24,34,49,55,70,168,339,564,142
Alvaro,69,96,146,164,172,200,191,126,131,157,33
Sullivan,4,5,4,17,36,72,142,258,385,448,108
Glen,347,287,247,189,122,91,62,52,43,33,7
Neal,304,288,254,198,116,76,61,54,66,50,8
Perry,220,221,240,207,154,118,90,71,68,73,14
Dwight,288,263,254,209,131,94,79,68,47,32,5
Camron,22,26,50,87,173,376,375,198,105,48,7
Cullen,36,48,71,130,192,157,167,262,245,138,19
Niko,3,7,25,78,73,82,111,179,266,528,105
Rocky,251,269,166,101,75,80,97,95,117,148,52
Sidney,165,166,167,193,190,147,126,109,90,76,15
Fred,369,272,209,164,114,84,72,53,51,46,8
Stephan,143,171,261,250,184,113,91,79,78,61,9
Sheldon,174,152,182,267,217,136,111,94,64,36,5
Braydon,1,3,10,31,107,225,444,358,170,75,9
Bodhi,2,0,0,5,11,21,58,139,490,574,130
Don,346,275,224,152,112,83,70,56,52,49,9
Lionel,126,181,155,99,71,67,77,149,218,240,42
Efrain,127,133,146,190,188,190,167,117,86,71,12
Trevon,9,14,36,192,390,331,231,109,54,49,11
Johan,13,20,24,27,62,180,264,265,271,247,52
Bo,36,97,90,126,88,86,136,157,230,309,70
Alijah,0,0,1,8,45,121,243,284,302,353,65
Lennox,2,4,4,6,7,16,45,161,396,661,116
Kent,248,266,234,176,114,91,70,69,74,57,10
Rhys,5,13,18,27,43,76,146,281,311,408,78
Bret,225,300,258,234,166,104,58,29,14,11,2
Duncan,41,55,87,140,282,233,164,142,127,113,19
Brycen,1,4,10,20,57,122,237,432,303,187,28
Jefferson,87,81,82,113,123,128,199,194,185,176,30
Mathias,20,20,27,30,40,76,139,187,331,411,109
Otto,32,27,30,30,31,45,71,144,313,529,124
Rex,139,134,120,100,74,75,130,188,206,183,28
Aldo,45,63,74,80,123,193,238,232,171,123,24
Augustus,24,26,28,68,74,95,133,177,333,331,78
Braeden,1,4,8,33,120,369,471,232,89,35,4
Major,26,29,27,26,19,35,52,278,484,345,41
Jayceon,0,0,0,0,0,0,27,413,579,291,45
Hendrix,1,1,0,1,2,8,44,146,461,593,93
Milton,208,196,178,159,125,129,110,86,77,69,13
Jarvis,122,205,273,238,135,95,91,73,63,46,4
Kian,5,6,8,21,49,99,180,227,318,351,80
Lloyd,280,253,207,166,104,77,75,66,55,49,11
Santino,23,27,28,43,54,91,162,193,247,376,93
Demarcus,68,123,199,241,184,128,144,113,81,47,7
Osvaldo,62,66,70,140,189,267,238,139,82,65,13
Devan,22,36,116,269,281,241,184,95,51,30,5
Tyree,85,78,98,187,252,202,161,108,89,59,9
Braylen,0,0,0,4,9,30,200,440,337,269,37
Markus,71,83,131,191,158,150,175,156,114,79,14
Jordon,17,68,177,306,267,209,139,76,38,21,3
Terence,211,236,270,205,114,83,66,63,43,26,5
Tatum,5,4,3,6,13,23,62,199,247,584,174
Davon,37,66,134,250,225,193,177,101,72,57,8
Trace,11,11,35,71,170,213,239,200,147,182,34
Zayn,0,0,0,1,8,16,23,73,413,639,138
Marcel,82,90,124,148,131,108,118,129,158,186,36
Thaddeus,143,112,128,136,101,104,101,126,183,145,31
Davion,8,10,31,79,154,260,307,208,131,106,14
Omari,31,34,31,46,66,132,191,173,292,271,40
Odin,3,4,3,5,7,39,82,200,444,457,60
Kurtis,125,199,288,247,166,100,67,49,37,22,5
Finnegan,0,0,0,0,8,51,170,281,383,352,57
Rickey,266,272,219,163,103,80,72,54,39,27,5
Robin,206,215,168,141,90,64,59,66,105,147,38
Julien,12,17,35,71,97,157,217,214,220,215,38
Bowen,5,9,9,15,40,57,71,179,327,451,129
Freddy,101,114,144,173,153,161,164,111,84,72,13
Matthias,15,23,30,37,46,74,131,181,334,332,85
Zayne,0,1,4,13,41,71,113,224,370,386,64
Cornelius,206,211,197,170,119,98,94,75,61,44,8
Reuben,135,133,143,132,112,113,115,114,122,138,27
Jarred,88,165,254,262,255,150,49,29,19,7,1
Amos,121,126,106,98,77,87,92,137,187,210,36
Brenton,78,168,266,182,141,106,101,105,80,44,7
Lamont,285,189,156,158,117,101,97,78,51,35,5
Quintin,47,96,131,160,187,177,176,130,92,68,8
Raiden,0,0,0,1,12,47,119,244,373,398,74
Darin,313,219,193,150,114,105,75,45,29,19,3
Hank,39,49,49,46,39,46,79,179,315,348,78
Carlton,226,203,197,219,135,90,71,50,39,25,4
Deon,118,110,121,191,176,129,127,105,89,78,13
Kamden,0,0,2,6,12,64,158,347,364,265,38
Kamari,1,1,2,7,30,79,203,196,234,423,81
Crew,0,0,0,0,5,14,50,138,249,659,135
Talon,3,16,35,71,111,132,289,263,183,130,18
Ignacio,102,108,113,138,131,148,144,99,111,123,30
Dion,188,125,134,176,148,108,90,81,72,108,16
Humberto,102,117,133,186,180,169,140,93,62,53,8
Yahir,0,0,0,1,4,259,370,282,155,142,31
Guy,243,193,171,140,99,92,81,75,76,60,10
Mekhi,0,0,0,0,44,239,339,259,211,125,18
Brice,69,89,165,158,177,171,162,117,86,36,4
Clyde,185,162,119,97,71,63,68,93,156,183,35
Herbert,308,255,191,145,96,70,54,41,36,30,5
Donnie,326,228,155,130,89,73,66,59,49,44,9
Agustin,78,85,98,138,144,168,155,112,105,117,25
Dayton,18,25,34,72,149,226,253,194,132,97,20
Remy,7,12,17,28,42,48,76,144,335,432,78
Kory,147,161,255,246,155,92,63,39,33,25,4
Arjun,3,8,16,35,56,92,151,260,289,244,62
Ryland,9,14,19,24,39,68,189,311,279,220,38
Rohan,5,10,24,46,95,205,250,217,175,149,31
Pierre,87,176,229,150,86,82,93,101,88,89,16
Kasey,88,123,178,205,144,99,149,74,47,71,18
Bradford,296,274,200,136,93,55,42,37,32,23,3
Jean,98,127,134,175,122,140,121,104,79,70,18
Landyn,0,1,1,5,9,52,276,381,282,164,19
Deangelo,48,79,171,185,165,104,134,123,96,66,10
Junior,46,57,65,84,107,147,187,142,137,175,34
Layne,26,25,28,45,111,133,178,210,177,205,41
Devonte,0,6,22,375,312,166,100,69,64,56,8
Benson,28,27,27,34,30,49,83,198,317,260,121
Jeff,352,216,163,115,74,82,70,46,31,22,4
Tevin,3,2,5,625,228,76,58,69,61,39,5
Ulises,17,22,47,92,148,189,224,171,120,120,21
Alessandro,15,18,31,44,64,113,180,187,204,253,61
Tracy,349,184,169,160,112,66,44,33,27,21,3
Elisha,40,53,46,71,121,161,185,167,148,141,32
Antwan,151,190,181,142,106,103,117,84,52,33,5
Kerry,269,216,225,164,88,69,46,31,27,22,6
Kolby,10,21,51,98,155,285,188,156,99,80,17
Hassan,59,62,69,95,114,114,136,134,158,174,45
Triston,6,18,29,27,292,251,256,172,72,31,6
Marcelo,34,36,43,55,79,94,124,138,202,272,80
Freddie,251,217,168,136,96,79,67,51,44,39,12
Zaiden,0,0,0,0,0,12,87,350,377,283,47
Samson,32,44,50,61,67,86,105,155,236,256,64
Deacon,7,5,4,4,10,66,168,244,307,285,53
Rick,229,221,205,162,95,71,63,45,34,23,4
Santos,88,99,87,102,114,123,138,116,108,141,34
Reynaldo,133,142,140,157,121,126,114,76,75,55,10
Hugh,126,107,101,84,95,93,96,112,136,164,36
Johnnie,249,207,164,137,100,75,70,58,47,36,6
Josh,219,166,115,93,90,130,136,84,58,47,10
Uriah,40,39,47,46,59,64,125,240,245,199,43
Coleman,28,53,74,120,185,186,164,123,110,89,15
Kasen,0,0,0,3,12,41,129,273,335,287,62
Alonso,26,34,50,82,106,144,179,173,159,157,32
Anton,109,126,111,125,127,130,129,102,98,69,13
Dana,333,254,211,140,73,44,33,19,16,12,3
Jairo,11,33,80,111,114,161,217,148,120,118,25
Dax,49,23,18,20,32,49,110,183,317,294,39
Nigel,66,82,114,190,189,144,141,91,70,38,7
Zechariah,17,35,52,102,110,144,175,180,163,124,29
Cason,6,9,15,15,36,82,177,305,286,169,29
Nick,205,141,131,107,92,103,114,82,74,67,12
Mack,85,68,63,55,47,51,76,113,207,296,67
Yusuf,25,22,23,30,44,76,124,191,245,277,70
Jarod,113,176,136,107,294,206,48,25,13,8,1
Kairo,0,0,0,0,5,7,14,25,224,690,158
Gerard,179,166,164,144,95,75,59,87,77,61,10
Cristopher,39,54,77,89,110,166,254,156,87,70,13
Callan,1,3,8,10,16,21,33,132,207,492,192
Otis,158,124,100,84,53,45,58,83,159,208,42
Jody,457,212,129,84,58,46,43,34,24,22,4
Garret,40,83,137,214,236,209,111,49,22,12,1
Jacoby,14,27,49,84,84,110,213,263,155,99,13
Vance,85,83,104,113,80,98,146,134,130,116,20
Royal,26,26,24,26,24,27,49,121,315,405,64
Jaron,45,61,154,194,154,189,135,91,44,33,6
Jaxton,0,0,0,0,2,15,61,244,423,316,41
Elvis,120,94,100,102,122,148,145,97,84,74,15
Chaim,44,48,59,68,83,97,129,152,169,207,41
Adolfo,66,77,89,128,147,208,183,81,62,46,8
Lester,223,205,152,126,82,71,66,56,49,51,10
Nikolai,13,12,18,32,42,57,106,205,301,259,47
Darrin,203,154,197,173,117,87,66,40,29,18,3
Houston,25,41,76,109,122,102,118,110,152,192,40
Brodie,18,23,30,42,59,122,287,207,138,135,21
Cannon,5,6,7,16,38,78,162,240,260,234,37
Kellan,0,15,25,23,24,45,105,409,263,145,22
Denzel,0,6,19,358,187,112,100,92,91,91,18
Samir,34,41,46,61,72,103,132,149,166,226,43
Alden,26,35,45,54,77,103,125,146,199,215,48
Kylan,4,8,13,24,58,94,142,184,225,270,51
Eden,7,10,12,18,25,49,96,167,296,335,55
Jimmie,249,199,162,137,93,70,55,47,32,24,3
Colter,8,24,34,49,48,47,65,73,79,406,235
Archie,97,79,59,46,32,29,35,44,103,427,113
Soren,11,11,12,17,35,68,139,183,246,273,67
Jaquan,4,12,43,168,264,240,150,83,49,40,6
Dewayne,237,187,147,112,87,79,77,61,42,27,6
Jadon,7,6,9,16,83,286,320,167,83,67,15
Jamel,122,140,167,160,113,99,99,71,50,33,5
Hamza,1,5,10,24,62,118,151,174,219,238,56
Denver,58,54,50,63,87,78,75,76,158,299,58
Marquise,20,38,84,198,269,146,114,78,58,44,6
Sammy,161,135,128,122,101,109,96,69,62,55,9
Korey,90,96,186,201,133,109,85,60,44,34,5
Boston,1,4,7,18,32,59,202,237,211,227,45
Addison,14,17,113,141,184,212,169,82,66,39,6
Jaylin,0,0,1,27,143,293,293,137,74,62,11
Deven,19,29,60,130,201,236,191,100,43,24,4
Leslie,288,222,165,120,76,55,42,25,23,17,3
Gene,248,203,159,125,80,57,43,32,38,41,6
Yosef,22,27,43,53,62,90,129,165,185,213,41
Lucian,16,17,14,17,21,43,145,214,211,268,67
Jackie,253,186,134,114,93,79,56,41,39,28,6
Ashley,259,321,201,85,47,38,27,16,15,15,3
Ronin,0,0,0,0,8,36,105,161,307,352,60
Benny,157,130,104,97,86,89,86,72,68,107,29
Dominik,5,7,13,37,78,148,210,233,159,110,23
Jaylon,2,4,5,38,183,303,234,107,76,59,9
Misael,15,18,34,72,104,134,174,142,129,161,36
Princeton,3,11,24,25,12,17,41,162,384,296,42
Layton,10,14,18,34,52,84,148,189,214,216,38
Darien,25,29,41,175,184,161,128,108,84,68,13
Greg,390,227,133,84,53,39,35,20,15,12,2
Sincere,1,0,0,2,17,115,175,191,223,242,45
Memphis,0,0,0,0,1,56,140,179,267,323,44
Bruno,26,34,37,49,58,99,128,160,186,196,35
Floyd,238,196,153,110,69,59,52,43,49,33,6
Arnold,143,132,126,155,114,102,68,47,53,52,12
Valentino,21,27,30,37,40,50,103,147,197,280,71
Irvin,50,48,92,157,142,148,163,95,57,41,8
Kyson,0,0,3,5,8,25,80,165,312,335,65
Dario,37,62,61,82,78,101,117,109,120,192,34
Jovan,78,106,110,127,119,123,115,87,65,55,9
Bronson,39,51,80,90,83,81,100,157,172,119,21
Zain,2,4,12,24,52,88,125,165,210,256,52
Chaz,20,97,174,204,132,111,105,67,49,28,2
Rigoberto,78,105,113,138,131,138,124,70,48,37,7
Guadalupe,154,140,125,139,123,113,92,51,29,18,2
Case,6,10,18,18,35,57,101,236,256,208,36
Oakley,3,5,3,10,17,25,43,126,292,389,69
Tristin,0,9,21,15,244,218,228,143,71,27,4
Fletcher,27,27,44,40,49,75,95,138,208,219,55
Davin,67,66,60,70,85,155,205,148,79,36,5
Kole,2,11,17,49,99,153,191,172,150,115,16
Colson,0,0,3,7,16,38,57,77,175,489,110
London,8,12,28,52,57,94,203,230,162,107,14
Jabari,45,43,46,89,86,134,167,104,118,115,17
Jasiah,0,0,0,1,9,45,120,181,240,303,61
Leandro,20,19,25,29,33,61,115,137,178,259,79
Dan,190,156,125,106,80,74,70,52,49,43,8
Valentin,36,48,47,66,76,81,150,116,127,163,42
Vaughn,68,69,76,94,76,95,137,116,111,88,18
Cortez,48,64,117,156,111,98,106,103,83,53,10
Leonidas,7,7,7,8,6,9,64,157,291,333,59
Octavio,61,68,73,103,112,150,137,89,72,67,15
Loren,179,197,167,125,77,59,43,36,33,28,4
Zaire,6,2,2,16,57,90,122,111,176,302,60
Myron,168,146,127,107,85,72,67,60,56,47,10
Elmer,90,78,78,105,105,117,110,85,79,79,17
Nathanial,69,94,104,133,167,156,126,56,22,14,3
Callen,1,2,9,10,15,17,35,220,257,318,58
Cairo,1,1,1,4,6,11,23,57,241,500,97
Herman,210,169,144,114,82,60,50,38,37,26,6
Korbin,1,1,6,23,48,104,152,239,212,131,18
Ira,148,126,84,65,54,54,53,71,110,138,30
Jamir,1,4,7,20,43,82,137,144,188,255,50
Briggs,1,2,2,5,10,19,43,104,210,441,92
Makai,0,0,1,1,14,52,129,173,219,279,63
Dangelo,16,25,54,57,178,137,111,101,117,115,18
Jedidiah,47,75,65,59,56,62,84,126,172,154,27
Jaziel,0,0,2,5,10,21,38,64,162,447,178
Darwin,54,55,61,67,62,92,133,135,125,119,24
Shiloh,28,20,18,26,36,35,64,86,150,342,122
Abdullah,21,27,25,43,72,101,112,161,181,148,34
Chadwick,298,181,163,106,61,39,25,17,14,18,3
Lyle,123,124,130,93,57,51,44,71,105,104,21
Carmelo,39,36,32,29,27,45,114,208,170,185,38
Eliseo,44,48,49,65,73,83,93,102,131,180,55
Cecil,177,163,130,100,70,56,54,48,53,56,12
Van,76,71,71,58,45,59,122,139,127,128,24
Vincenzo,36,37,37,54,63,77,108,140,146,180,40
Hezekiah,9,8,8,15,35,72,106,127,205,265,62
Jaydon,1,0,1,6,44,208,336,186,83,39,6
Augustine,44,47,44,47,54,65,75,97,155,225,55
Keon,33,59,66,94,117,147,132,97,70,81,11
Baylor,0,0,2,9,29,53,64,90,176,395,82
German,45,59,76,131,118,124,117,81,77,59,11
Tyrese,9,10,12,16,209,310,155,91,47,32,5
Brennen,11,19,47,90,155,185,181,134,50,21,2
Apollo,9,13,14,8,7,14,37,98,246,377,71
Ayaan,0,0,0,0,0,20,85,185,243,292,66
Kristofer,133,122,158,159,102,80,56,37,23,17,3
Rayan,2,5,9,11,16,39,106,177,245,231,50
Sylas,1,2,1,4,11,27,75,191,211,295,72
Tripp,4,2,1,4,7,13,91,184,195,328,57
Emery,38,37,40,40,39,52,115,169,160,167,31
Emmitt,18,12,14,21,32,25,54,172,267,238,33
Cassius,8,9,12,20,22,38,85,130,234,278,50
Edison,15,17,25,28,34,61,94,155,238,186,28
Zyaire,0,0,0,1,6,21,48,83,161,454,108
Dimitri,27,27,41,131,120,107,92,100,111,105,20
Dashawn,22,25,52,148,164,161,144,78,45,36,5
Keagan,2,4,10,33,69,134,229,203,121,63,11
Eithan,0,0,1,1,5,14,21,31,78,362,364
Carlo,94,83,71,73,75,86,105,90,78,93,28
Aziel,0,0,0,1,3,9,16,23,61,562,198
Coby,51,39,49,67,127,206,119,81,60,62,8
Keanu,0,0,0,48,115,111,85,73,136,259,43
Dariel,2,6,9,14,18,24,58,104,175,355,104
Alton,126,119,102,96,73,71,76,73,69,53,11
Louie,77,69,64,61,53,45,51,72,118,202,48
Aubrey,90,94,106,103,97,81,71,71,72,66,7
Adrien,27,30,39,51,60,100,149,152,128,100,18
Jamaal,90,252,137,108,63,57,55,37,30,19,3
Giancarlo,18,27,43,65,71,123,164,143,106,77,13
Chester,185,161,119,94,61,47,41,39,45,46,11
Gino,58,58,65,110,101,93,86,96,85,79,17
Bodie,6,6,4,10,16,34,70,84,145,346,125
Xzavier,2,4,7,29,53,113,192,210,136,85,12
Kohen,0,0,0,0,1,10,74,103,191,346,114
Shayne,86,62,112,171,126,101,78,52,33,16,3
Rusty,195,212,165,96,51,35,25,20,17,18,6
Rey,26,29,37,51,64,83,113,116,140,153,26
Dusty,93,226,174,103,85,51,42,24,19,17,3
Blaze,6,7,21,41,53,109,119,145,140,160,33
Raheem,51,64,54,173,123,68,60,66,85,79,13
Franco,43,40,37,44,40,67,116,117,148,146,35
Ulysses,56,56,79,78,96,95,93,87,86,88,17
Devante,0,0,3,352,247,83,36,37,39,29,6
Edmund,127,110,88,72,64,59,54,67,86,84,20
Ares,0,1,0,1,6,12,33,94,208,359,116
Rico,120,85,100,126,71,61,68,66,66,56,9
Jagger,0,0,0,22,36,105,102,182,194,156,27
Ted,202,161,141,96,63,44,32,35,26,20,4
Aarav,0,0,0,0,0,7,86,234,249,207,38
Justus,18,22,17,46,119,130,144,134,111,72,8
Kyree,1,1,8,37,60,76,78,116,212,200,33
Nestor,39,54,92,142,116,104,99,62,56,45,11
Deonte,13,31,80,185,196,116,72,49,40,32,6
Maximo,16,17,19,25,27,69,119,124,144,207,51
Rowen,0,0,0,2,4,20,64,119,250,296,62
Duke,23,21,24,31,26,30,45,116,254,202,39
Aryan,1,2,5,11,14,90,169,168,167,156,28
Westley,41,42,95,75,45,35,46,72,128,185,45
Austen,7,26,59,143,228,100,87,69,49,36,5
Wallace,122,107,78,62,48,44,45,55,104,118,24
Scotty,233,187,117,83,44,32,29,21,19,29,13
Jerrod,143,174,166,126,82,43,26,22,15,7,1
Camilo,15,23,28,33,36,56,85,106,112,259,50
Wilder,0,2,3,7,9,14,22,48,217,404,74
Tylor,7,23,73,235,223,118,62,30,17,11,2
Daquan,4,8,37,188,239,142,78,43,31,24,4
Tristian,1,8,29,23,123,111,150,161,112,68,12
Shea,50,69,124,95,81,97,83,61,57,64,11
Branson,9,14,17,31,72,79,114,163,165,112,17
Khalid,41,36,35,65,90,99,72,87,123,121,25
Marques,68,149,92,78,102,89,114,56,25,15,2
Gonzalo,47,61,69,96,91,112,97,73,69,62,13
Lucca,0,0,0,1,4,30,61,114,197,306,76
Miller,10,11,10,20,32,41,79,105,136,258,86
Stephon,18,38,91,154,173,97,75,56,48,34,5
Bernardo,54,63,73,97,101,92,91,64,70,67,14
Mackenzie,18,26,107,252,200,75,29,16,17,36,10
Benito,83,83,75,90,91,79,76,55,46,84,23
Ridge,0,0,23,54,55,44,54,74,159,266,57
Baker,2,2,5,8,11,15,27,29,137,383,164
Jim,200,147,108,94,67,55,42,31,20,16,4
Antony,59,62,70,78,88,114,119,80,51,48,10
Cordell,44,37,95,81,162,106,90,62,53,42,8
Wendell,149,145,116,94,62,48,42,34,40,42,7
Estevan,37,51,73,107,116,120,108,78,44,35,7
Mikel,66,65,79,87,83,90,90,81,71,55,8
Cale,41,61,78,69,73,109,163,118,37,19,5
Enoch,32,29,27,33,36,63,75,120,157,166,35
Abdiel,3,5,10,15,23,43,89,132,197,209,47
Draven,0,0,0,5,88,129,178,148,118,89,17
Koa,1,1,0,2,7,14,30,51,114,423,128
Garrison,12,19,45,82,118,134,107,95,85,62,9
Madden,0,0,0,0,1,11,140,218,176,182,40
Ford,7,7,10,14,19,23,40,84,193,307,64
Zeke,19,15,17,23,24,49,62,121,199,209,31
Kashton,0,0,0,0,0,1,17,55,228,386,80
Randolph,182,158,132,96,62,47,33,25,19,11,2
Yehuda,15,26,35,42,57,71,96,107,122,160,35
Braiden,0,1,5,18,46,111,239,202,94,44,4
Jamarion,0,0,2,5,10,98,297,189,93,61,9
Donnell,120,130,113,104,76,67,59,44,30,15,3
Giovani,4,8,15,33,56,78,167,200,110,76,15
Dandre,18,30,66,119,157,137,88,59,44,32,5
Harlan,44,40,33,37,32,34,51,97,144,199,45
Leif,59,74,50,42,46,60,73,94,103,129,26
Seamus,20,24,26,44,81,108,137,124,103,72,15
Eliezer,29,47,47,57,62,76,97,100,101,109,27
Darrius,21,41,89,154,126,110,92,58,34,22,3
Hans,97,101,86,81,72,60,58,49,64,64,15
Heriberto,72,82,86,114,99,96,77,46,42,29,4
Stewart,130,127,138,122,71,54,41,28,18,14,3
Teddy,139,107,88,68,53,40,38,34,49,100,30
Blaise,15,18,35,51,70,100,95,114,119,106,21
Alexzander,0,2,7,27,49,116,184,162,122,68,7
Zaid,4,7,9,22,29,63,95,106,169,199,40
Westin,0,6,14,28,32,44,84,150,140,203,40
Lennon,6,13,10,11,19,40,83,145,199,185,31
Simeon,34,45,43,46,74,90,103,93,105,88,20
Semaj,6,5,10,29,55,110,162,150,96,96,22
Shepherd,3,1,1,1,5,5,24,56,151,353,141
Bryon,169,152,130,89,66,45,36,22,17,10,2
Anders,17,22,36,42,53,65,78,120,139,141,23
Santana,15,14,15,24,41,57,91,91,149,211,29
Jovani,1,9,22,49,67,110,151,131,90,87,17
Robbie,183,146,103,75,50,41,32,34,30,33,7
Isai,4,12,23,47,74,113,149,105,98,89,19
Sutton,0,1,6,9,15,22,52,80,145,300,102
Broderick,56,58,65,70,79,76,113,105,69,37,5
Mustafa,18,31,32,42,59,77,84,109,116,130,34
Judson,62,68,48,40,36,48,65,88,119,132,25
Quinten,21,29,42,67,115,116,118,94,70,50,7
Andreas,36,48,59,68,79,85,101,75,77,85,15
Cain,13,19,19,40,65,68,80,137,145,122,19
Nixon,0,4,4,6,11,15,48,168,278,169,21
Jair,3,5,10,23,48,152,142,116,101,107,17
Shelby,87,70,91,210,118,50,33,22,16,23,4
Kamron,6,6,19,39,73,142,153,129,93,56,7
Kaison,0,0,1,1,4,9,35,80,225,308,56
Josef,61,73,83,83,96,98,86,58,43,32,4
Dereck,38,75,80,68,47,46,71,74,62,116,40
Donavan,36,32,62,101,111,129,114,61,39,23,6
Irving,39,41,79,121,72,94,84,62,62,49,9
Mitchel,42,66,111,170,151,84,47,20,12,7,1
Turner,6,14,24,50,87,88,94,106,116,105,20
Tom,141,106,92,82,63,57,52,41,38,28,7
Kale,19,25,50,52,56,90,198,165,41,11,1
Leighton,22,26,29,45,51,56,75,104,140,136,21
Zavier,3,6,10,23,43,82,125,141,123,123,21
Reagan,22,20,19,31,77,120,122,108,102,70,10
Jamil,69,71,76,97,77,88,79,58,47,34,5
Dillan,1,3,12,124,141,138,132,79,42,25,3
Yousef,4,13,20,25,43,70,78,118,153,140,35
Morris,118,98,98,79,50,48,51,48,52,47,9
Jorden,2,10,31,71,93,112,157,132,57,28,3
Mariano,40,39,45,56,66,79,90,90,75,96,20
Ervin,77,83,79,84,67,70,69,58,52,44,10
Koda,0,1,5,2,4,27,51,66,145,314,78
Javion,0,1,3,10,35,102,192,146,121,71,9
Emory,30,32,27,31,36,47,70,105,140,143,27
Luther,117,106,88,73,50,43,44,42,54,59,12
Bridger,4,7,9,19,53,77,96,108,115,161,38
Darion,11,17,36,117,145,125,109,59,37,27,4
Maxim,2,5,13,20,40,89,134,163,127,82,11
Raylan,1,1,0,1,2,2,6,204,236,203,31
Saint,2,2,2,2,2,5,8,13,88,434,129
Onyx,0,0,0,4,6,10,18,37,106,416,88
Forest,39,40,39,85,62,33,32,48,97,174,34
Jovanni,1,4,14,36,50,81,129,131,100,119,19
Mickey,146,100,80,70,61,42,39,40,49,49,7
Akeem,4,50,130,178,59,33,40,46,70,65,7
Menachem,22,26,31,53,66,77,95,94,94,103,20
Devyn,0,4,16,65,146,157,131,84,44,30,5
Bradly,86,102,110,106,92,67,56,36,15,8,1
Tariq,25,31,32,64,138,120,72,53,63,69,11
Fidel,58,59,72,84,87,89,79,52,45,40,8
Blair,96,120,98,117,59,42,31,34,35,34,7
Erin,139,116,104,92,71,48,35,27,22,17,2
Giovanny,4,6,18,45,68,104,162,149,63,44,8
Marty,217,117,86,70,45,34,27,23,23,25,4
Davian,5,5,6,13,32,66,170,151,110,98,14
Langston,6,11,11,25,31,42,71,105,188,155,23
Camren,1,1,8,20,46,134,190,142,79,41,5
Arian,12,15,16,23,27,50,63,160,142,136,24
Jordy,0,13,23,33,60,114,105,83,124,95,16
Kaysen,0,0,0,0,2,7,29,98,199,253,77
Yisroel,19,27,30,42,50,59,85,97,108,117,30
Casen,1,1,1,4,9,28,76,163,184,167,29
Jess,152,147,109,84,58,38,31,16,14,11,2
Brant,102,95,85,72,73,74,56,46,36,21,4
Kenton,46,67,73,70,71,63,67,76,73,45,9
Boone,7,10,13,14,15,17,32,66,164,247,76
Stone,1,1,3,20,124,107,99,82,91,107,26
Cristobal,37,46,44,64,71,94,91,73,66,63,11
Travon,17,26,50,113,147,118,87,49,29,20,3
Garry,170,144,110,74,49,36,29,18,15,10,2
Rayden,0,0,0,3,16,32,74,146,177,180,30
Mordechai,19,22,29,38,51,69,74,93,117,120,24
Marion,115,88,77,60,58,63,73,52,38,28,5
Azariah,1,2,3,7,14,23,49,95,162,236,65
Karim,44,33,32,37,46,59,65,79,98,142,20
Gannon,5,8,8,21,43,91,94,142,162,73,6
Francesco,54,52,55,67,67,72,76,64,62,70,15
Ameer,14,17,18,29,43,60,75,108,136,130,23
Efren,49,55,59,83,88,91,86,55,44,35,7
Eddy,41,46,54,72,64,75,92,81,59,55,11
Aydin,0,1,1,1,8,54,161,170,135,105,15
Ean,11,17,23,31,53,89,130,124,94,67,9
Elvin,63,54,56,59,57,75,90,69,59,54,10
Erich,120,122,114,97,71,47,29,21,12,9,2
Sherman,152,133,92,81,54,41,31,21,21,14,2
Raymundo,52,62,61,87,100,94,72,44,35,30,6
Arron,82,94,109,116,88,57,38,27,18,11,1
Channing,18,19,56,55,26,25,52,207,117,55,9
Alexandro,30,38,47,77,88,115,102,65,42,31,5
Pete,126,107,90,74,60,47,43,33,27,26,6
Fisher,0,0,0,5,23,59,106,132,149,131,32
Cayson,0,0,0,1,5,13,55,124,226,184,30
Kenyon,70,44,30,48,65,109,138,74,33,22,3
Harris,33,31,44,54,60,68,66,70,101,93,15
Paris,38,57,87,129,96,68,38,44,39,31,6
Briar,2,1,0,33,39,57,68,90,123,182,40
Ron,153,114,87,74,58,42,36,28,22,17,2
Ephraim,23,28,32,31,33,51,81,99,119,110,23
Rashawn,42,47,73,109,104,75,71,48,32,24,4
Demario,40,83,139,91,54,50,60,52,30,25,3
Aric,109,64,75,98,86,64,52,34,28,16,2
Hakeem,16,17,46,115,104,50,37,39,98,92,12
Flynn,6,8,6,8,12,27,35,139,169,186,30
Marcellus,35,29,39,54,49,54,50,47,93,152,21
Coy,50,54,53,52,61,70,69,72,68,58,12
Virgil,130,99,76,62,45,36,33,35,42,50,13
Jan,62,63,56,52,47,101,105,55,38,33,5
Anson,43,40,32,25,31,53,76,94,135,78,9
Wells,4,3,4,5,5,7,9,27,121,337,94
Amare,0,0,0,0,2,34,172,237,104,61,6
Aydan,0,0,0,1,12,80,203,156,89,65,9
Sylvester,110,103,99,73,49,40,34,33,35,33,6
Benton,26,31,41,42,54,51,57,107,116,78,10
Zack,20,25,35,44,51,80,107,88,78,72,13
Shamar,16,34,29,32,99,146,108,70,49,27,2
Lachlan,0,1,2,4,15,27,65,96,174,178,47
Immanuel,8,15,21,29,53,78,101,96,107,84,17
Musa,6,8,8,12,19,27,49,79,132,202,65
Baby,13,27,77,162,133,125,28,9,14,17,1
Kingsley,7,11,14,15,14,14,27,117,201,167,20
Destin,9,16,27,49,98,102,90,80,67,57,11
Dilan,0,1,2,22,34,52,83,113,106,160,31
Kannon,1,0,1,4,10,33,58,91,187,193,26
Callahan,0,1,5,4,12,17,18,26,81,284,157
Keshawn,5,7,10,31,117,173,126,65,36,29,4
Randal,132,122,120,83,49,31,23,17,14,10,2
Bill,164,110,72,63,52,46,39,23,19,12,2
Tyron,74,65,65,84,85,76,58,43,27,22,3
Claude,137,111,93,70,49,39,31,23,24,19,4
Banks,0,0,1,1,3,7,15,32,74,353,110
Antwon,60,82,95,87,55,54,68,48,30,16,2
Deion,4,4,11,87,183,64,64,62,56,53,9
Willis,106,104,88,69,54,40,35,36,30,28,5
Abner,15,22,24,32,41,58,76,88,98,114,27
Syed,16,24,37,57,74,88,73,71,73,65,17
Jericho,10,14,14,33,37,56,72,99,108,125,27
Kolten,0,0,6,26,47,59,88,142,127,82,15
Jordyn,0,0,5,23,50,79,137,149,88,51,6
Koby,10,8,21,34,107,172,84,58,48,41,7
Mac,39,20,18,21,22,30,40,70,100,191,39
Tre,0,1,7,165,142,110,60,37,34,28,5
Keyon,21,28,25,47,70,113,108,86,48,37,6
Domenic,30,33,39,62,79,94,93,70,44,38,6
Gregorio,57,67,65,86,74,72,59,40,33,28,6
Reggie,127,97,58,54,51,43,42,34,31,42,9
Vince,37,41,50,59,45,52,79,78,70,62,14
Avi,17,16,19,20,23,47,65,84,108,156,30
Dontae,25,47,66,81,89,77,79,54,39,25,4
Abdul,70,47,35,60,70,68,62,55,61,49,8
Anakin,0,0,0,0,17,35,58,68,136,228,43
Tadeo,0,0,2,3,3,12,23,57,127,282,75
Canaan,6,11,11,25,38,54,72,82,152,109,21
Keven,54,45,50,73,85,99,93,51,21,10,2
Bilal,20,25,30,53,55,73,69,75,83,81,17
Wilfredo,91,91,89,82,57,52,47,29,22,18,3
Stacy,239,81,71,70,40,27,19,13,11,7,2
Eliot,28,37,39,40,41,54,71,99,86,72,13
Johnpaul,41,59,51,41,50,57,93,68,61,46,10
Shaquille,0,0,1,387,95,19,6,21,26,18,4
Konnor,0,0,1,21,52,81,114,130,116,56,5
Trever,45,42,63,108,110,91,63,36,14,6,1
Shmuel,15,23,29,33,40,47,65,82,103,114,26
Monte,99,68,56,55,45,41,41,42,50,67,12
Harper,4,5,5,7,17,33,113,185,134,66,8
Denis,60,51,51,54,52,63,73,59,51,51,10
Kelton,18,14,22,61,86,103,98,84,54,32,4
Maximillian,12,17,33,63,95,110,91,67,46,32,9
Yaakov,15,21,41,35,41,52,65,83,90,109,22
Truman,22,18,21,29,51,75,91,103,90,61,11
Magnus,2,3,4,5,16,36,67,90,149,165,34
Kennedy,12,18,29,44,83,89,82,76,74,55,9
Rodrick,119,94,78,73,51,40,35,35,23,18,2
Slade,17,14,17,29,41,59,95,86,90,97,21
Axton,0,0,1,1,3,5,25,101,202,203,26
Kalvin,23,30,47,56,63,60,72,64,83,58,11
Finnley,0,0,0,0,1,4,26,78,207,217,34
Tory,112,76,103,101,54,38,28,16,20,15,2
Jaxen,0,0,0,0,4,24,68,216,158,84,12
Foster,20,17,19,33,52,50,48,85,104,109,26
Jamarcus,5,16,44,89,85,77,115,69,38,24,3
Konner,0,0,1,25,54,86,135,126,91,40,4
Deshaun,26,31,42,66,88,92,94,51,41,28,3
Vihaan,0,0,0,0,0,1,26,165,201,143,26
Marquez,8,18,43,78,114,93,85,53,38,25,4
Dave,88,80,72,62,49,52,47,37,34,34,6
Teagan,0,0,4,11,26,70,155,138,82,65,10
Jacques,56,65,69,74,72,59,49,40,37,30,8
Emir,3,3,4,8,13,25,63,70,90,227,55
Zakary,9,14,35,89,99,118,94,58,26,15,2
Joan,7,9,16,22,40,88,93,75,87,98,23
Nathen,25,39,45,50,67,100,119,70,28,12,3
Marcello,22,36,26,26,43,55,85,83,73,82,27
Jadiel,0,0,0,1,1,8,80,167,156,122,22
Taj,30,19,15,37,54,66,83,86,86,72,10
Grey,6,7,10,18,23,27,48,86,155,155,22
Damari,0,0,1,4,12,44,98,106,139,128,24
Rylee,0,1,3,13,42,90,138,134,68,59,8
Mikael,16,22,35,40,45,48,61,75,94,99,18
Isidro,40,53,59,68,68,71,65,42,34,42,9
Landry,5,9,13,17,22,40,59,144,127,93,23
Cal,14,17,17,26,43,44,46,49,78,162,55
Titan,1,2,1,1,4,27,49,105,199,147,15
Lazaro,32,53,54,61,58,68,67,45,46,54,12
Timmy,144,92,69,68,52,46,31,20,16,10,2
Jed,117,93,65,43,38,38,34,35,34,42,8
Ishaan,0,0,0,2,6,35,87,132,127,132,27
Crosby,4,4,8,9,6,7,18,165,197,112,16
Coty,12,29,139,233,74,23,11,9,8,5,1
Rio,6,7,12,19,22,28,36,51,74,235,56
Shlomo,13,20,25,32,40,54,69,75,92,103,21
Brandan,27,53,93,116,107,69,42,21,11,4,1
Kye,6,9,16,21,22,45,63,78,148,123,14
Earnest,130,113,87,61,44,31,25,21,16,11,3
Domingo,78,70,62,65,55,46,48,33,34,42,7
Aditya,1,5,9,13,44,95,145,110,72,39,8
Kamryn,0,0,1,6,16,49,90,120,138,107,13
Chace,5,13,22,37,47,45,122,136,75,33,5
Bishop,6,5,5,22,53,60,82,86,101,100,17
Emil,45,43,38,44,39,46,59,56,68,84,16
Aurelio,38,42,35,50,39,38,44,36,61,116,40
Nikhil,8,15,28,39,68,96,118,87,45,29,4
Ramsey,37,51,47,53,55,53,55,52,70,57,8
Vladimir,24,25,36,44,53,60,77,79,80,52,9
Ken,67,64,59,60,59,64,58,42,35,23,4
Joesph,127,119,83,46,43,38,38,24,11,9,1
Joziah,0,0,0,0,4,17,62,115,166,151,22
Ronaldo,12,13,14,10,87,104,105,81,59,41,8
Campbell,5,5,6,22,42,74,82,81,80,105,34
Bennie,121,94,75,59,43,34,29,25,23,27,5
Kylo,1,0,0,1,0,0,0,2,93,359,80
Jakari,1,3,3,11,23,47,67,66,89,175,46
Kevon,7,10,21,72,87,163,70,43,29,26,4
Shimon,13,13,21,26,36,48,69,82,91,107,24
Ishmael,22,29,25,53,70,63,57,63,72,63,12
Jerod,102,135,92,68,65,34,17,9,5,3,1
Galen,76,73,82,78,66,49,30,26,24,23,2
Jaeden,0,0,0,1,25,120,183,118,50,27,4
Federico,61,61,57,60,59,60,56,39,31,36,7
Daron,61,61,65,74,63,62,58,38,25,16,3
Britton,29,48,61,61,60,59,68,57,50,30,5
Matt,153,104,72,39,28,26,30,26,27,20,3
Demarco,40,41,54,82,85,66,56,46,33,20,2
Tyshawn,10,15,29,61,79,93,103,65,38,27,4
Gregg,212,115,75,48,26,17,13,9,6,3,1
Gavyn,0,0,1,5,32,100,171,134,57,20,3
Yitzchok,15,19,26,32,37,50,55,70,85,105,26
Yael,0,1,2,2,8,37,100,111,100,129,30
Rian,35,38,32,36,36,51,60,59,73,85,16
Oswaldo,24,25,29,42,56,101,144,46,26,24,4
Kris,170,73,45,36,31,32,42,30,35,22,4
Hasan,32,29,30,42,52,55,56,58,72,76,18
Cedrick,79,88,70,63,61,44,40,27,24,20,4
Eleazar,20,28,31,43,48,55,60,54,70,90,19
Austyn,0,1,4,42,127,92,83,83,45,36,6
Dallin,6,11,37,63,98,110,87,56,28,19,4
Koen,0,0,0,0,5,33,101,95,84,156,45
Rishi,12,22,22,23,29,63,95,69,63,95,21
Sami,12,17,28,41,47,61,70,69,79,70,19
Daren,88,85,71,59,47,46,45,31,18,17,4
Dejuan,54,62,70,69,71,58,48,31,26,19,3
Kaeden,0,0,0,1,9,67,153,138,88,50,5
Marlin,75,59,53,57,52,44,44,39,39,39,9
Marley,1,6,6,12,19,36,94,111,118,93,13
Aaden,0,0,0,0,0,6,247,139,100,14,1
Kadin,0,1,3,7,40,171,171,73,25,14,3
Chauncey,62,78,63,53,63,51,55,38,23,18,2
Theron,69,55,53,54,49,52,55,47,41,26,6
Darrel,106,92,94,72,42,29,25,20,13,11,2
Jade,57,48,50,85,78,59,40,29,25,29,6
Jerald,104,87,77,70,46,37,30,21,18,14,3
Merrick,12,8,12,17,29,42,76,74,116,101,17
Yair,2,4,5,10,17,74,139,94,80,68,12
Brecken,0,0,0,2,5,24,58,118,162,118,16
Giuseppe,56,49,42,45,43,49,50,52,53,51,12
Alexandre,15,21,40,66,69,73,74,58,42,35,7
Cary,138,89,89,64,36,21,15,12,16,15,3
Brandt,36,46,52,47,59,57,63,61,48,27,3
Savion,0,0,4,14,65,122,119,68,49,50,10
Jaren,11,15,49,47,82,116,85,53,24,16,2
Rome,5,4,4,4,9,15,36,50,78,223,69
Kenji,32,22,14,16,26,30,59,61,68,144,25
Bjorn,29,34,25,20,20,28,27,25,98,160,30
Darrick,152,74,63,65,41,39,25,16,12,9,2
Creed,6,4,5,7,11,33,36,55,101,198,41
Ledger,0,0,0,0,0,3,21,58,107,252,54
Jeremias,10,12,12,16,20,30,55,77,108,126,29
Shelton,75,59,65,76,60,52,42,31,21,13,2
Carmine,32,30,28,23,22,23,102,70,64,78,21
Donny,165,97,52,41,28,32,26,19,16,15,3
Eliel,1,3,4,8,10,22,70,63,93,169,50
Scottie,135,88,54,55,38,22,17,12,12,33,26
Idris,18,17,11,14,20,19,35,64,99,155,39
Jerimiah,45,48,32,28,37,63,95,88,36,17,3
Torin,9,8,23,37,37,50,68,70,88,86,14
Laurence,80,78,62,57,51,37,30,24,31,32,9
Thatcher,5,5,4,8,11,22,63,96,134,124,19
Edmond,82,67,55,50,42,41,39,37,36,33,8
Amar,18,25,25,23,33,59,69,71,76,79,13
Benedict,23,25,28,23,27,28,56,48,86,114,31
Zev,12,12,14,20,26,35,54,72,92,125,28
Zayd,0,1,2,4,10,30,45,70,111,172,44
Jai,22,18,13,17,32,64,75,81,74,80,12
Jakobe,0,0,0,0,17,93,87,99,76,104,12
Lucien,16,18,16,17,17,36,70,82,83,107,27
Damarion,0,1,0,3,6,67,180,120,65,41,6
Jovanny,1,7,22,47,60,82,115,77,41,30,6
Genaro,41,48,45,58,69,68,60,34,29,30,6
Jaleel,4,1,6,79,99,65,64,69,50,43,8
Jerrell,31,56,108,90,47,42,45,33,21,12,2
Avraham,11,18,24,31,33,46,56,70,78,99,21
Gian,9,11,17,24,25,54,69,59,70,123,24
Mayson,0,0,0,6,12,32,61,145,130,89,10
Lochlan,0,0,0,0,2,11,30,79,162,158,43
Rudolph,94,90,81,61,45,35,24,20,19,15,3
Gus,38,27,23,23,21,31,57,67,95,87,15
Kase,0,1,3,5,9,16,32,96,174,128,19
Gauge,0,0,0,8,22,60,124,151,85,30,3
Krish,0,0,1,1,5,37,138,117,92,75,15
Boden,0,0,1,2,5,24,73,90,102,150,33
Kylen,0,2,5,10,19,37,60,87,106,128,27
Roosevelt,96,84,76,63,39,28,29,23,24,15,2
Malaki,0,0,1,2,10,59,125,101,93,73,16
Tommie,90,84,72,60,42,36,30,24,21,15,3
Bradyn,0,0,1,8,25,76,184,112,45,24,4
Zahir,1,4,3,7,16,33,58,70,99,151,36
Bode,0,0,0,0,2,25,66,106,109,134,35
Hernan,18,20,29,74,83,71,58,44,34,37,7
Huxley,0,0,0,0,0,1,9,40,162,226,36
Jeramiah,34,35,23,22,35,62,117,92,32,20,3
Baron,32,31,38,32,30,34,69,71,68,55,14
Mauro,28,28,34,45,47,58,63,47,51,61,12
Jaylan,0,0,1,15,76,136,124,54,35,26,5
Aries,6,4,5,8,18,38,44,59,97,149,42
Brandyn,10,20,68,109,96,64,49,30,17,8,1
Camryn,0,0,1,16,27,65,111,112,81,50,6
Jovany,2,10,19,47,66,92,110,66,28,23,5
Davonte,0,1,6,121,111,80,62,33,27,24,4
Maxton,0,0,2,5,9,16,49,121,150,98,18
Lyric,0,0,0,0,11,19,88,131,111,95,13
Kirby,59,58,76,85,56,33,26,23,24,23,4
Benicio,0,0,1,1,1,32,53,76,102,161,41
Kenzo,0,1,1,0,3,5,12,47,93,261,45
Murphy,18,14,19,29,24,29,38,50,83,127,34
Lyndon,23,31,50,43,44,39,50,64,67,48,7
Derik,46,81,84,75,48,38,39,23,13,16,3
Tim,127,68,45,36,30,40,38,28,30,20,4
Edgardo,41,43,51,95,69,55,40,27,20,20,4
Elton,96,63,45,44,37,38,32,28,33,42,6
Jelani,30,28,27,49,61,66,50,45,46,55,7
Khari,14,5,5,39,57,34,24,25,100,149,11
Braulio,16,16,28,45,55,75,87,51,44,39,7
Markell,11,12,24,51,72,67,82,60,44,34,4
Jevon,58,37,29,60,59,96,60,24,20,17,2
Rasheed,46,44,40,68,83,69,42,28,22,16,4
Demond,125,55,38,48,53,48,36,24,21,11,2
Gibson,3,3,7,13,24,41,72,120,107,62,10
Marcelino,36,41,36,44,52,51,53,42,45,50,10
Lenny,66,39,28,28,22,35,49,61,58,60,13
Lars,39,44,38,42,50,60,54,43,44,37,8
Wes,25,22,18,12,11,17,31,51,89,146,38
Lian,0,1,0,2,1,6,14,44,104,212,75
Maison,0,0,1,10,19,34,48,105,130,95,15
Yahya,1,5,5,7,11,24,46,74,109,129,46
Brixton,0,0,0,0,0,3,11,45,134,228,35
Ladarius,2,9,32,111,107,69,48,35,23,17,2
Reilly,1,6,15,28,75,96,95,67,39,27,5
Alek,2,4,16,47,67,70,69,68,58,49,5
Kalen,7,23,47,56,65,63,65,48,33,38,7
Nikko,0,1,20,67,40,35,47,65,74,89,15
Salem,6,7,9,10,16,21,26,40,84,193,40
Jaycob,0,4,6,20,41,63,80,112,78,41,8
Imran,9,17,23,24,22,24,35,67,96,111,24
Trystan,0,3,6,8,76,80,96,98,63,20,1
Coen,0,0,0,1,4,20,85,95,125,107,13
Madison,11,15,52,96,119,66,33,19,23,16,2
Dylon,2,3,12,93,105,101,70,33,18,10,1
Kyron,12,10,14,35,42,63,61,93,65,46,8
Markel,8,14,19,46,80,71,74,56,45,33,4
Eamon,14,19,21,22,39,50,69,66,82,57,10
Shay,38,35,49,63,52,42,43,31,38,49,8
Meir,9,11,17,21,25,29,48,62,87,115,25
Dhruv,0,0,2,7,19,55,78,82,88,96,20
Garett,33,46,50,67,83,84,48,20,11,5,1
Gatlin,0,2,6,15,20,23,39,59,108,155,22
Arman,6,7,17,29,58,68,70,60,52,63,17
Fredy,9,15,28,53,54,64,81,50,42,43,7
Rowdy,13,15,21,26,28,36,57,60,64,103,25
Trevin,9,10,37,51,65,72,96,70,23,12,1
Hiram,50,41,36,32,39,41,48,46,52,51,10
Ambrose,17,16,20,19,15,20,29,38,64,172,36
Ever,3,5,12,25,30,52,77,64,69,90,17
Eliam,0,0,0,0,0,4,8,31,72,220,109
Wiley,30,27,26,27,26,33,46,54,66,91,17
Amarion,0,0,0,0,2,120,106,71,65,64,15
Ajay,15,23,26,26,43,70,75,69,50,38,6
Gaige,0,0,1,26,51,88,123,98,42,12,1
Johann,20,20,20,20,27,52,74,94,63,42,9
Tye,31,37,38,38,53,66,76,46,29,24,4
Cornell,69,62,71,53,42,35,42,31,22,14,1
Axl,0,0,3,13,7,12,24,62,166,135,19
Ocean,0,0,0,8,15,23,45,38,65,208,38
Kenan,19,18,17,26,52,51,54,50,60,77,18
Hollis,31,26,21,23,22,19,31,55,82,105,27
Kalel,0,0,0,0,6,18,79,96,118,105,18
Jesiah,1,3,3,4,8,25,64,85,99,122,28
Vito,55,51,45,38,34,38,36,36,47,48,12
Carey,123,83,78,58,31,20,15,13,11,6,1
Graysen,0,0,1,1,8,12,40,104,154,106,13
Geovanni,3,5,14,36,40,57,88,78,59,51,8
Kamren,0,0,4,11,33,73,97,95,77,42,5
Justyn,10,21,35,61,93,88,61,35,19,10,3
Elio,10,14,13,17,13,20,23,21,46,177,82
Tremaine,34,66,47,53,42,35,41,61,37,18,2
Kymani,0,0,0,0,10,31,85,138,96,65,9
Haiden,0,0,0,7,12,54,117,91,77,60,15
Zyon,0,0,0,0,13,41,70,71,90,122,25
Dakari,2,0,1,7,16,29,41,51,87,169,30
Dash,0,1,1,1,1,4,29,79,155,140,21
Zamir,0,0,2,9,15,28,46,61,93,144,33
Cristofer,3,5,9,18,32,74,122,74,42,42,8
Danilo,14,19,24,26,23,30,41,45,95,98,15
Lucio,28,29,32,42,41,44,53,43,45,57,15
Ryne,0,27,97,107,51,36,46,33,19,10,2
Isaak,1,3,4,13,47,94,94,81,54,32,5
Izayah,0,0,0,1,14,51,102,116,79,55,9
Brennon,8,16,23,49,76,73,76,58,26,20,2
Kentrell,13,21,30,42,42,59,59,44,45,64,10
Jeffry,98,78,61,52,34,30,30,20,15,9,2
Denny,84,65,57,47,42,36,35,26,18,13,2
Ander,4,2,3,3,5,8,16,35,75,238,37
Darrion,5,12,22,61,94,85,68,33,24,18,2
Laron,54,48,56,60,43,40,51,36,23,12,1
Aidyn,0,0,0,0,1,27,127,143,79,44,4
Robby,105,95,70,47,25,20,19,16,12,12,2
Infant,0,3,53,155,116,68,13,2,6,8,0
Yadiel,0,0,0,0,2,9,74,101,102,107,29
Pranav,1,1,1,8,28,91,111,84,59,34,6
Bentlee,0,0,0,0,0,0,4,182,138,87,9
Yoel,10,45,25,25,24,34,45,56,76,70,10
Percy,68,57,47,43,31,26,23,27,29,54,15
Erwin,42,49,50,54,36,47,48,37,25,26,6
Jacobi,5,10,13,26,35,56,75,77,65,51,6
Palmer,8,11,14,21,28,34,47,52,79,103,23
Ozzy,0,1,6,9,14,30,25,28,49,202,55
Henrik,1,1,1,4,8,12,33,77,137,124,21
Ronny,60,50,49,48,39,39,43,38,24,25,3
Caspian,0,0,0,0,2,7,12,30,109,195,61
Everardo,26,27,33,51,51,62,53,40,35,33,7
Brogan,0,1,7,17,31,54,102,115,60,26,3
Aleksander,3,5,11,24,35,45,66,73,75,64,13
Krew,0,0,0,0,0,4,18,40,88,216,48
Makhi,0,0,0,0,8,43,96,113,89,56,9
Tzvi,7,13,16,22,24,34,55,59,74,91,20
Kahlil,18,14,14,30,88,58,55,48,38,44,5
Juelz,0,0,0,0,0,8,84,98,116,94,11
Mikhail,4,10,37,45,36,45,54,62,60,50,8
Willard,90,66,55,41,34,31,26,20,24,20,5
Brannon,56,58,47,54,64,49,38,20,15,8,1
Oren,28,28,28,23,26,27,46,53,64,70,17
Ayan,1,0,1,2,3,12,44,79,101,133,34
Watson,4,6,7,7,9,10,12,32,114,186,22
Jessy,24,39,54,87,65,46,43,24,13,11,2
Cillian,0,0,0,0,1,1,19,36,85,207,60
Kelsey,46,54,89,88,59,30,18,10,8,7,1
Joseluis,16,25,43,49,51,66,57,44,32,23,3
Stevie,77,55,56,71,44,26,20,19,17,17,5
Maxx,0,2,19,35,33,38,67,97,68,40,9
Brentley,7,6,11,9,5,7,9,131,148,67,8
Jaheim,0,0,0,0,0,212,79,47,34,30,4
Jakai,0,0,0,1,7,24,48,51,69,153,52
Keyshawn,0,1,0,3,93,154,80,34,19,18,3
Stacey,138,59,57,59,33,20,13,12,8,6,1
Eloy,52,48,43,51,51,46,36,28,25,22,4
Zakai,0,0,0,0,2,9,28,39,92,183,53
Tavon,17,34,37,66,76,57,50,30,20,16,2
Carsen,0,0,2,6,16,54,83,98,85,56,7
Haven,15,10,6,10,23,50,78,75,60,63,14
Kael,2,3,7,7,9,51,108,92,57,43,26
Wilmer,16,16,25,29,34,53,72,51,48,49,9
Sebastien,4,8,9,22,36,71,82,68,54,45,6
Trae,7,11,20,69,69,57,65,45,27,29,3
Montana,4,9,25,60,89,60,30,20,41,54,11
Nevin,19,24,32,52,48,58,65,50,31,23,3
Alistair,5,5,7,9,10,13,32,63,110,124,27
Kooper,0,0,0,4,9,21,63,88,94,101,22
Omarion,0,0,0,0,0,144,150,43,32,27,5
Reign,0,0,0,1,2,8,14,19,103,221,33
Deondre,7,10,20,60,94,80,52,35,23,18,3
Miguelangel,4,10,22,38,54,64,81,58,36,27,5
Azriel,1,2,2,4,7,20,35,44,63,166,57
Juancarlos,11,16,31,41,52,66,67,52,31,27,5
Kyren,0,0,0,6,15,29,42,69,84,105,50
Braedon,0,1,5,15,46,107,130,66,20,8,1
Daylen,1,2,3,8,24,49,73,83,73,73,11
Tobin,50,22,24,20,24,39,62,74,50,32,4
Talan,0,0,2,2,5,5,255,73,33,20,3
Wilbert,80,74,55,48,34,31,30,20,15,11,2
Beck,0,1,5,5,15,39,68,65,72,105,26
Ismail,10,13,12,24,30,40,46,60,75,67,20
Treyvon,0,0,3,29,69,74,90,71,32,26,3
Martez,19,28,51,77,50,43,44,39,26,17,2
Nazir,0,0,1,3,19,45,75,59,73,101,20
Azael,1,2,1,7,11,24,48,44,65,150,43
Torrey,116,50,60,58,34,21,19,16,12,9,1
Lucius,21,20,15,14,11,24,64,62,69,74,19
Tahj,0,0,4,12,55,64,45,60,68,75,11
Montgomery,10,12,15,19,27,38,37,42,69,101,24
Jeramy,104,87,79,45,24,17,18,11,6,3,0
Rayshawn,17,23,43,58,60,53,50,41,26,20,4
Justen,28,58,70,74,64,40,28,17,8,5,1
Jaxxon,0,0,0,0,0,3,13,58,122,165,32
Antione,73,71,70,48,29,29,31,21,14,7,1
Remi,5,4,7,9,11,15,24,36,88,163,32
Javonte,0,1,7,79,89,68,60,37,22,26,4
Desean,11,14,32,57,57,54,57,62,28,18,2
Jeromy,128,86,64,52,25,16,9,6,4,1,1
Sky,29,28,26,29,38,42,44,50,44,52,10
Emmet,6,7,6,13,20,28,44,83,111,62,11
Dameon,71,37,32,34,39,61,59,33,14,9,3
Gianluca,2,1,3,9,16,34,67,69,83,88,18
Massimo,8,4,4,8,15,40,60,60,58,109,25
Paulo,37,36,27,31,34,41,51,38,36,50,11
Sunny,17,16,36,47,39,34,33,29,39,82,20
Cristiano,0,0,1,3,5,7,40,103,121,95,15
Camdyn,0,0,0,0,2,17,52,121,118,71,8
Jayvon,1,2,9,21,46,70,95,66,41,32,6
Armand,36,38,46,52,70,46,36,23,21,18,3
Castiel,0,0,0,0,0,0,1,72,152,141,22
Tylan,4,4,6,12,29,49,67,55,61,84,19
Fox,0,0,0,0,18,20,33,59,136,109,13
Jeremie,101,79,67,39,24,19,20,16,11,10,1
Aedan,0,0,1,4,14,48,129,92,68,27,3
Ryley,0,3,10,30,60,81,83,67,31,19,3
Garrick,49,51,63,77,41,36,26,19,16,8,1
Mccoy,2,2,4,6,14,16,25,63,94,130,31
Dequan,14,11,21,98,107,53,29,21,19,12,1
Gerson,6,11,17,32,39,54,68,48,51,47,11
Montrell,24,31,45,57,50,47,52,33,26,18,3
Kegan,3,6,38,78,58,58,63,47,22,12,2
Maddux,0,0,0,0,6,21,81,84,102,77,11
Gaven,1,5,4,17,47,117,108,57,19,7,1
Rami,9,16,24,34,35,42,43,40,44,78,20
Demetri,13,13,19,63,50,51,49,48,40,33,5
Alphonso,66,59,70,59,35,28,23,17,14,10,2
Ethen,2,1,5,23,34,82,106,82,33,14,2
Osman,5,9,12,21,26,40,51,39,56,106,18
Ahmir,0,0,0,3,12,26,41,60,103,119,16
Latrell,8,10,12,22,64,99,74,46,22,21,3
Canyon,2,3,2,11,39,61,69,53,60,70,11
Kaiser,2,1,2,5,9,12,22,28,112,157,30
Kamdyn,0,0,0,0,0,8,36,101,127,98,11
Chevy,6,6,10,15,21,32,52,89,85,53,11
Jamey,164,68,42,31,19,12,12,9,11,10,2
Tru,0,0,0,0,5,10,19,32,67,198,50
Evander,1,2,8,24,16,11,20,36,75,148,39
Presley,9,6,9,15,19,60,65,68,66,54,9
Kendell,30,32,46,54,50,46,44,35,24,16,3
Kyan,1,2,2,3,7,54,107,85,68,43,7
Tarik,48,34,30,52,68,39,36,25,25,19,4
Donavon,22,20,37,56,63,72,56,27,15,9,2
Jad,6,5,8,10,16,28,42,56,102,91,14
Adler,0,0,1,4,8,18,41,66,90,120,28
Marko,20,26,25,25,31,46,59,54,45,37,7
Truett,1,2,3,3,6,8,23,46,62,164,58
Juwan,6,6,5,73,189,47,13,10,12,11,1
Yandel,0,0,0,0,0,12,174,117,44,22,5
Kylian,0,0,0,0,0,0,4,3,49,273,45
Lathan,7,9,10,14,22,45,67,88,68,38,5
Cael,0,0,1,1,4,66,117,109,44,24,8
Kain,2,4,5,14,43,48,51,68,74,56,9
Cian,2,2,4,6,20,45,73,67,75,65,15
Claudio,34,35,37,43,50,52,47,28,23,21,3
Jonatan,2,7,14,44,63,72,73,42,25,25,5
Curt,114,91,67,35,23,16,10,7,5,5,0
Jahmir,0,0,0,2,13,32,48,60,64,116,37
Michel,65,58,59,47,35,30,28,19,14,13,2
Youssef,1,4,5,13,25,43,50,71,87,61,11
Boyd,57,44,30,29,25,22,24,34,52,45,8
Deontae,3,9,24,59,72,65,48,35,30,23,4
Urijah,0,0,0,0,0,2,68,170,88,38,4
Jasen,89,65,38,23,28,29,28,38,20,10,2
Marcell,26,29,37,48,44,40,42,33,33,31,6
Noble,13,12,12,15,24,32,36,55,80,76,14
Brysen,0,1,4,7,13,25,46,96,115,55,6
Blayne,10,13,28,36,42,62,63,53,36,21,4
Tyquan,2,10,24,59,87,72,52,29,17,14,2
Achilles,1,1,2,2,2,6,63,69,114,90,15
Alaric,7,7,7,11,13,15,18,45,103,120,21
Jadyn,0,0,0,1,17,88,146,69,28,18,2
Jayvion,0,0,0,1,6,25,86,98,91,53,7
Dillion,1,4,13,112,88,65,38,20,14,10,2
Mohamad,9,17,27,43,55,49,43,44,36,36,7
Levon,31,31,38,31,27,20,26,37,60,53,10
Cormac,3,1,4,6,21,31,46,80,80,78,15
Richie,49,29,35,40,39,35,33,31,29,38,9
Johnson,15,36,46,46,42,46,42,32,32,24,3
Genesis,5,5,11,19,22,28,36,37,75,111,15
Deron,43,35,60,58,35,29,43,32,15,12,1
Dezmond,2,5,14,28,46,47,49,60,59,47,7
Haden,1,2,5,30,54,91,95,45,23,13,3
Gray,9,10,16,19,24,25,37,56,73,80,13
Dedrick,60,47,41,52,43,38,29,23,18,10,1
Deric,46,51,51,53,48,36,31,23,14,7,1
Kelby,22,21,43,77,60,47,36,27,16,11,2
Tyrus,29,28,27,31,53,46,44,39,36,25,4
Sabastian,3,2,6,32,37,83,72,56,41,25,3
Laith,2,4,5,10,15,28,41,55,78,96,27
Kabir,3,4,5,8,10,20,28,41,96,124,23
Barron,23,23,23,25,21,17,32,36,53,74,32
Cassidy,22,52,61,57,33,20,28,25,30,25,5
Donta,50,53,56,59,41,31,27,20,14,9,1
Kaine,3,3,4,14,34,30,44,49,84,80,13
Eliyahu,6,9,16,23,24,32,46,59,60,68,16
Angus,15,17,19,29,47,51,53,43,43,37,6
Arnav,0,0,0,1,8,57,103,118,47,20,4
Corban,3,4,6,14,28,44,80,94,57,24,4
Ely,14,18,17,23,26,50,75,65,43,22,5
Nate,17,11,13,15,22,43,74,59,44,51,9
Kendal,22,27,43,65,51,44,34,35,19,16,1
Demarion,0,1,5,7,8,52,132,76,46,27,4
Buddy,88,74,55,37,21,19,17,15,13,16,2
Ammon,22,23,23,27,42,56,55,49,33,23,5
Osiris,4,5,4,11,19,23,31,40,81,119,20
Jerad,50,107,85,54,34,14,7,3,2,0,0
Keelan,7,12,14,24,38,46,53,61,57,38,6
Atreus,0,0,0,0,0,0,1,1,47,255,50
Hubert,73,62,47,36,27,25,25,22,17,15,3
Viktor,3,4,5,10,14,25,51,71,81,72,16
Lazarus,10,12,13,15,22,35,37,48,70,74,19
Keller,2,3,5,11,20,39,74,76,65,50,8
Arnulfo,42,43,43,54,45,42,33,21,16,10,3
Josias,1,4,5,10,17,27,40,56,68,98,25
Kristoffer,86,69,52,47,30,21,18,13,8,5,1
Calum,1,1,3,10,19,21,28,28,75,135,31
Korbyn,0,0,0,3,9,24,48,85,91,81,10
Storm,3,4,15,68,66,44,28,28,36,52,7
Jered,50,80,70,55,39,26,13,8,3,4,1
Obed,10,15,18,27,33,49,60,50,39,40,7
Karsen,0,0,0,3,7,31,55,90,93,60,8
Tremayne,79,47,44,41,35,29,26,22,15,8,1
Luc,4,8,7,23,49,76,64,49,38,25,3
Kwame,29,28,38,86,35,33,25,24,22,23,4
Deegan,0,0,0,0,3,23,80,108,73,50,7
Javen,2,1,5,11,29,79,91,61,41,22,4
Jaidyn,0,0,0,0,2,43,114,97,55,30,4
Mylo,2,0,1,2,2,5,10,33,69,187,36
Mykel,2,8,29,43,36,48,57,45,29,41,7
Damir,1,0,2,5,14,23,31,41,66,138,23
Harlem,1,0,0,0,0,4,29,65,102,120,24
Trayvon,2,4,13,43,68,55,45,57,30,23,3
Boaz,3,4,5,8,10,18,30,50,82,107,27
Reyes,28,32,35,40,41,41,39,30,28,25,4
Ramses,6,8,9,15,23,43,65,49,61,55,10
Seven,0,0,0,2,13,24,42,40,61,143,19
Armaan,0,0,0,4,13,37,75,81,67,55,10
Charley,34,35,27,23,21,25,38,42,45,44,9
Pierson,1,2,7,10,17,35,54,63,72,69,12
Jordi,0,2,3,9,51,56,52,54,63,46,6
Dajuan,24,28,35,45,56,57,44,27,15,9,2
Unknown,7,5,39,93,37,14,28,45,34,35,5
Judd,54,41,28,19,15,15,28,30,46,56,10
Elan,12,17,22,20,24,36,44,63,60,37,5
Jessica,41,85,117,57,20,13,6,2,1,0,0
Rashaad,16,26,45,56,53,41,37,30,20,17,1
Rickie,72,66,54,43,29,22,17,16,10,10,1
Danial,65,58,54,43,32,27,23,15,13,10,1
Jennifer,101,99,70,31,18,13,6,2,1,0,0
Horace,77,62,50,48,27,24,14,15,12,9,1
Rylen,0,0,0,1,3,13,52,102,87,70,11
Christofer,26,29,34,40,39,42,59,36,18,14,2
Andrea,81,67,59,38,26,22,16,9,10,10,2
Jael,1,1,4,5,9,27,64,75,67,71,15
Hussein,5,10,16,23,32,42,45,51,56,51,8
Adalberto,32,38,37,55,47,42,39,20,15,12,1
Nicklaus,22,36,35,51,67,51,36,16,12,11,1
Zephaniah,3,5,6,10,20,33,52,59,73,65,12
Constantine,21,23,20,22,25,23,47,51,48,47,11
Mikah,1,3,5,7,15,32,66,72,61,64,11
Tyrel,17,69,67,59,46,29,21,12,9,7,2
Chet,62,51,42,35,27,24,18,19,21,30,7
Bear,1,1,0,1,1,3,15,44,97,147,29
Dakoda,0,0,7,45,65,52,60,32,29,38,7
Henri,13,15,17,19,26,31,39,45,59,63,10
Amin,25,23,20,23,31,35,38,41,42,46,11
Aryeh,10,14,18,19,22,29,37,47,58,64,15
Octavius,29,27,41,47,34,25,27,23,31,43,7
Jet,2,1,1,2,9,30,56,71,75,74,16
Jarett,25,34,37,44,68,53,36,19,11,6,1
Cleveland,65,63,48,43,31,27,21,16,12,8,1
Avrohom,12,15,19,23,25,40,46,47,47,52,9
Yaseen,0,1,2,5,10,22,45,66,80,83,22
Nikola,9,10,10,19,22,33,37,51,69,66,10
Sameer,17,21,19,26,31,56,53,40,32,32,7
Kodi,11,11,21,49,47,35,30,24,43,55,9
Dovid,6,9,13,16,21,30,40,48,60,75,17
Ravi,24,28,40,33,32,27,28,25,25,58,16
Siddharth,3,0,3,7,17,47,72,81,60,37,6
Hamilton,22,30,32,36,34,31,37,37,43,30,4
Thor,22,23,24,26,24,30,40,52,51,37,4
Deanthony,6,12,31,51,53,42,50,38,28,18,3
Kayce,0,0,1,1,1,2,3,5,14,220,84
Samual,27,30,36,43,55,49,41,23,16,11,1
Darron,45,48,54,50,36,29,28,20,13,9,1
Malcom,16,13,36,70,43,30,26,20,26,42,9
Delvin,59,41,36,35,37,36,29,22,18,15,2
Dyllan,0,0,4,53,67,72,64,39,19,10,1
Kadyn,0,0,0,1,6,44,113,86,49,27,4
Jules,22,23,27,27,26,29,31,31,46,54,13
Lowell,65,52,47,39,28,19,19,18,21,18,4
Kip,55,51,32,27,19,13,12,16,37,57,10
Neel,9,14,15,18,28,39,55,49,48,43,11
Edwardo,58,54,51,54,34,29,22,16,7,5,1
Dov,13,15,15,16,19,27,34,45,63,71,12
Mckinley,22,22,25,34,44,47,36,38,33,24,3
Jaxx,0,0,0,0,1,3,13,64,110,118,20
Eder,0,11,21,29,20,31,59,49,50,49,9
Paolo,15,21,24,29,35,48,53,36,28,32,8
Yakov,5,8,12,18,22,28,44,49,58,67,15
Amiri,0,0,1,2,9,18,12,6,14,219,47
Ernie,67,58,46,41,31,27,21,14,11,10,2
Yasir,4,5,4,5,13,29,53,45,69,81,18
Monty,73,47,34,28,21,14,21,17,22,38,11
Darrian,9,11,17,58,74,53,46,28,19,9,2
Edson,9,13,17,25,38,46,45,35,40,49,9
Jamin,49,53,31,23,24,38,41,25,20,17,3
Jaydan,0,0,0,1,8,40,102,90,50,30,4
Masen,0,0,0,6,17,38,56,114,60,30,4
Scot,114,68,52,36,22,12,9,6,3,2,1
Rahul,15,18,26,37,61,88,47,19,6,4,1
Zavion,0,0,1,3,13,47,79,77,55,42,6
Ewan,1,2,1,1,8,34,65,75,61,63,12
Tiago,0,1,4,7,11,15,43,63,70,90,19
Damarcus,9,16,27,46,50,43,58,40,19,13,2
Trenten,4,6,11,25,49,74,82,47,15,7,2
Rayyan,0,0,0,0,3,20,46,74,86,71,22
Woodrow,51,41,33,32,24,14,14,21,37,45,10
Leopoldo,37,40,35,41,38,39,29,21,20,16,4
Wesson,0,0,0,0,0,1,10,45,111,130,26
Javan,20,22,24,32,43,57,53,33,22,14,3
Codey,5,9,45,105,74,40,25,10,7,2,1
Horacio,31,36,31,42,41,46,38,22,16,16,3
Jedediah,65,69,36,25,17,15,12,26,26,26,5
Dayne,11,16,32,39,40,59,58,34,18,12,2
Finnian,0,0,0,1,7,28,65,64,84,60,12
Trevion,0,0,4,22,57,86,72,37,22,17,3
Brigham,11,14,11,12,25,40,46,61,53,39,8
Dirk,67,62,54,35,23,18,22,15,13,10,2
Rufus,70,64,49,34,22,18,15,17,17,12,3
Oskar,2,3,4,11,15,30,52,65,66,62,9
Treyton,0,0,1,8,33,82,86,59,24,25,2
Kacey,16,17,24,30,34,26,20,15,20,101,18
Monroe,24,21,18,18,16,14,20,39,63,72,16
Bradlee,16,21,33,34,43,38,44,45,28,16,2
Jones,5,7,5,4,7,10,19,38,70,124,31
Ollie,22,19,15,15,9,10,16,30,65,99,21
Azrael,0,0,0,1,1,7,13,24,69,163,42
Kace,0,0,1,4,4,9,14,42,108,116,22
Daylon,5,5,10,21,51,66,53,40,28,34,6
Khai,1,4,4,6,10,19,23,39,70,125,18
Ansel,9,8,11,13,13,19,30,43,77,79,19
Hagen,1,4,5,9,26,43,62,60,56,45,7
Norberto,35,43,42,47,38,41,30,18,12,10,2
Jarrell,14,28,76,54,29,31,35,24,17,10,1
Patricio,19,23,19,25,24,37,50,44,40,31,6
Shepard,3,2,1,1,3,9,23,33,95,121,27
Alain,24,31,42,36,32,33,33,31,28,23,4
Auston,2,9,21,46,82,54,44,25,19,13,2
Isael,1,3,4,10,19,34,51,43,39,90,23
Linus,6,6,5,7,15,25,45,68,72,61,8
Brayson,0,0,0,1,5,14,42,90,100,59,6
Sahil,0,2,7,19,48,66,60,42,34,31,6
Sydney,15,19,27,44,57,49,36,29,21,16,2
Jaydin,0,0,0,1,6,58,125,81,30,14,2
Dakotah,1,2,20,67,85,48,40,21,19,10,3
Devonta,0,2,7,102,92,45,20,17,16,12,2
Keoni,10,15,16,21,31,38,42,44,40,50,7
Braylin,0,0,2,4,9,13,56,94,79,50,7
Kiran,7,8,6,11,20,34,50,53,52,58,16
Arden,10,7,10,10,12,21,33,37,57,94,23
Umar,7,10,13,15,20,29,27,43,60,72,18
Jarret,34,46,47,54,54,39,19,13,6,3,0
Nicholaus,38,68,48,53,44,28,19,7,6,3,1
Ilan,8,11,11,13,17,32,46,45,56,65,12
Syncere,0,0,0,0,2,24,50,54,66,101,17
Isreal,25,21,25,28,36,38,55,32,28,22,3
Konrad,11,14,20,25,35,39,40,42,41,37,8
Dionte,9,18,39,73,62,41,27,17,14,10,2
Gareth,18,28,30,32,38,38,28,30,42,24,5
Dev,4,5,4,7,8,41,57,60,59,56,13
Neo,0,0,0,1,2,49,39,36,53,111,20
Rashaun,21,32,35,42,48,44,37,26,17,10,1
Gentry,14,14,18,22,17,24,27,42,59,67,9
Westyn,0,0,1,1,3,5,17,51,76,121,37
Roel,33,38,32,31,32,34,30,29,22,26,5
Amias,0,0,0,0,0,3,6,11,70,179,44
Armon,11,12,14,19,43,43,36,30,41,54,8
Adin,4,2,4,8,17,60,89,53,38,32,5
Said,5,7,9,14,17,46,53,61,38,49,11
Kyran,1,2,4,10,22,33,49,79,57,47,7
Marshal,25,28,29,39,44,39,31,28,24,19,3
Isa,6,8,7,9,14,22,33,45,60,81,25
Corbyn,0,0,1,10,14,35,48,78,70,47,6
Reyansh,0,0,0,0,0,0,4,63,156,74,12
Tavion,0,0,1,12,41,75,77,50,29,21,4
Ammar,3,6,12,17,22,35,37,48,60,54,16
Malek,3,3,6,15,35,37,41,43,49,64,12
Raven,8,9,11,42,71,75,27,20,19,23,4
Micaiah,6,4,5,11,22,40,42,56,51,57,13
Keandre,0,2,7,24,58,68,53,42,28,22,4
Raleigh,21,23,27,29,25,26,29,44,44,34,6
Kolt,0,6,9,8,15,8,24,59,78,89,13
Anish,4,8,12,14,20,62,73,69,31,15,1
Schuyler,14,37,51,61,56,36,21,15,11,6,1
Jermiah,18,22,20,18,24,47,65,56,23,12,2
Delbert,78,62,47,37,22,17,15,10,10,9,1
Cy,17,19,16,23,28,37,53,50,31,30,5
Jakub,0,1,2,14,33,60,81,55,35,23,4
Karon,13,15,16,34,42,42,57,39,29,17,2
Darrien,6,10,14,46,67,51,48,33,18,12,2
Aarush,0,0,0,0,0,5,48,95,91,57,10
Jeremey,75,65,62,44,23,14,10,7,4,2,0
Nova,1,1,1,1,3,8,14,32,102,128,15
Casper,6,7,8,8,14,20,23,36,58,101,26
Zyair,0,0,0,1,3,9,21,33,36,168,34
Malakhi,0,0,0,0,1,16,47,51,89,88,13
Basil,28,29,28,35,31,28,26,24,31,37,7
Kaizen,0,0,0,0,0,1,6,14,33,161,90
Tai,14,19,17,21,30,55,51,37,27,28,5
Jacobo,11,15,15,22,26,37,41,42,38,48,8
Tayden,0,0,0,0,3,22,60,74,73,63,8
Bryton,0,0,2,35,46,43,69,56,30,19,3
Bellamy,0,0,0,0,0,0,0,1,67,197,37
Brighton,0,1,2,6,18,26,60,72,60,49,8
Aspen,0,0,0,10,21,20,25,33,64,103,26
Dino,44,38,32,32,29,32,29,20,19,22,5
Carmen,49,42,39,37,29,25,21,15,12,21,10
Karsten,14,9,12,20,30,50,58,54,34,15,3
Coleton,0,1,6,34,61,63,64,41,22,8,1
Devontae,0,0,5,63,66,50,37,29,24,22,3
Jarell,4,12,42,43,30,46,55,32,19,15,2
Lev,3,2,1,5,7,11,21,43,83,101,23
Riggs,0,0,0,1,5,6,10,21,55,169,33
Lynn,82,67,45,31,19,16,10,11,8,8,2
Caesar,25,22,30,36,32,29,29,32,37,24,4
Aston,1,5,10,14,9,15,31,69,74,63,9
Teo,3,4,2,4,6,12,29,35,56,117,32
Brain,80,86,68,28,14,12,7,3,1,0,0
Jeramie,94,66,57,30,15,11,11,8,6,1,0
Klayton,4,10,12,21,28,34,36,42,58,45,9
Kyro,0,0,0,0,0,1,1,8,60,183,46
Everest,1,1,0,1,6,9,14,24,76,135,32
Jameel,46,42,25,43,33,31,26,17,19,14,2
Mikal,26,25,23,49,58,41,29,17,14,12,3
Evin,8,13,25,27,31,43,63,41,29,15,3
Osiel,5,6,9,15,23,38,54,39,34,62,12
Faris,3,5,7,11,19,29,43,54,56,55,15
Spenser,3,2,96,80,59,31,12,7,4,4,1
Adnan,7,10,16,18,25,39,37,39,41,52,11
Marek,8,10,12,13,16,31,64,59,48,31,5
Lemuel,33,31,26,28,26,24,24,29,35,34,7
Devlin,11,15,15,26,41,56,61,38,20,11,1
Randell,50,57,58,43,25,18,16,13,9,7,1
Derrell,36,40,62,51,27,21,23,19,11,6,1
Abdulrahman,1,5,8,14,22,29,37,55,69,45,11
Adiel,0,3,3,7,9,15,35,45,79,80,19
Montez,19,26,37,46,39,30,30,25,19,20,2
Tad,67,46,58,44,23,17,15,9,8,6,1
Kamal,25,23,20,29,36,39,36,28,28,26,4
Jethro,9,9,9,10,9,11,18,40,68,87,25
Tavares,81,53,25,22,26,26,23,16,10,8,2
Veer,0,0,0,0,1,5,30,60,71,100,25
Abelardo,25,26,25,33,34,35,29,22,33,26,4
Wylie,13,12,13,13,18,23,32,39,49,63,18
Jayme,54,43,49,41,25,22,21,14,10,11,1
Anas,1,4,8,10,17,28,35,45,62,66,15
Lamarcus,22,37,42,39,32,23,33,29,20,12,1
Jalil,3,3,21,31,44,52,49,38,27,21,3
Job,16,16,18,25,37,40,36,36,35,28,5
Wolfgang,4,3,7,19,28,26,25,38,62,67,12
Darell,26,28,43,39,24,19,24,19,25,35,9
Karsyn,0,0,0,0,0,4,15,48,86,119,17
Neymar,0,0,0,0,0,0,0,142,100,42,5
Cassian,0,0,0,0,1,1,4,8,43,169,63
Cashton,0,0,0,0,1,3,30,60,78,99,19
Jaysen,16,13,12,12,22,36,49,55,37,29,9
Amado,20,21,19,23,26,22,24,19,28,69,18
Zakaria,0,1,3,9,18,32,44,56,60,53,11
Dashaun,5,8,16,37,51,57,61,27,14,11,2
Ayman,5,4,6,10,17,30,37,40,49,72,20
Cortney,53,67,73,36,16,10,12,10,7,5,1
Hyrum,10,12,9,11,23,41,56,49,46,28,3
Javian,1,1,3,9,17,42,74,64,44,29,4
Smith,8,11,11,9,12,15,25,50,76,60,12
Leeland,5,3,5,6,5,5,45,79,67,58,9
Keion,8,7,8,20,55,50,51,35,27,22,4
Izaak,8,5,4,12,28,47,58,59,32,29,4
Amani,1,0,1,8,27,42,57,49,37,52,11
Al,67,53,44,36,26,21,12,10,10,7,1
Jenson,1,5,6,8,9,15,21,51,79,77,14
Izaac,2,1,2,8,19,44,66,68,44,28,4
Osbaldo,22,17,17,33,47,63,46,22,11,7,1
Eitan,2,6,8,12,14,23,35,41,49,69,26
Arnoldo,34,31,36,44,39,33,26,15,13,12,3
Decker,0,0,0,7,6,10,12,40,99,98,12
Jahir,0,0,0,3,7,49,62,53,47,55,9
Kiaan,0,0,0,0,0,0,0,19,89,151,26
Lavon,23,28,29,32,23,26,38,28,26,25,4
Dashiell,1,7,9,10,12,19,52,62,64,43,6
Greysen,0,0,0,1,5,8,24,64,101,73,8
Jacari,0,1,2,7,19,31,50,46,50,70,10
Favian,9,10,17,33,36,51,50,38,20,17,3
Demari,0,0,0,2,10,23,48,55,65,69,12
Gabe,24,11,5,9,23,51,59,47,31,19,2
Dewey,70,54,38,29,20,16,16,12,12,14,3
Eldon,40,32,26,23,21,22,24,26,32,31,6
Stefano,12,14,24,38,36,34,34,31,26,29,5
Eason,1,1,1,2,3,9,25,57,103,69,11
Shad,99,45,28,29,25,19,15,10,8,4,1
Aven,1,0,2,3,4,14,41,72,66,64,16
Daylan,2,4,7,18,30,51,53,42,40,32,5
Joshuah,18,34,42,39,40,33,36,26,9,5,1
Skye,15,20,20,26,39,30,35,31,29,31,6
Steele,1,6,9,15,21,23,25,40,62,62,17
Geovanny,0,5,10,26,31,43,63,53,28,19,3
Noam,8,8,9,11,15,22,40,47,53,53,16
Everette,30,26,27,23,19,15,16,24,39,53,11
Jullian,2,5,12,27,21,47,61,60,29,16,2
Luiz,13,19,28,41,45,47,37,20,16,13,3
Fermin,24,29,29,41,36,31,33,21,19,15,3
Mervin,28,28,27,33,28,26,29,26,24,27,6
Lashawn,48,33,26,30,31,24,34,27,16,12,1
Shon,70,35,35,39,29,24,19,11,10,8,1
Jasiel,0,0,1,4,7,12,24,36,51,104,40
Yusef,22,19,16,25,25,26,39,35,30,34,8
Errol,52,49,42,38,27,19,17,14,13,7,2
Dontrell,9,16,25,52,37,42,39,28,17,14,1
Vidal,24,29,28,40,35,31,28,21,21,18,4
Kavon,1,5,10,32,41,67,49,30,18,21,4
Roscoe,38,36,28,21,14,17,19,28,36,37,6
Salomon,15,19,25,26,25,34,35,27,30,34,9
Khristian,1,3,7,19,30,35,47,55,44,32,4
Yasin,5,6,8,11,17,26,35,42,55,58,16
Coleson,0,0,0,1,5,14,20,35,57,116,29
Ezrah,0,0,0,0,1,6,11,34,75,125,26
Jaret,19,22,19,17,80,50,39,15,6,8,2
Olin,20,18,16,13,15,20,31,38,52,45,9
Bart,112,81,45,18,8,6,4,2,2,1,0
Yash,1,0,1,5,28,63,66,43,33,31,5
Rodger,66,55,42,32,19,16,14,11,13,7,2
Vivaan,0,0,0,0,0,0,13,75,116,60,11
Kollin,3,4,9,21,40,43,53,50,31,18,4
Najee,2,3,24,77,66,34,23,15,15,16,2
Carver,2,1,3,6,11,22,35,52,69,62,12
Andrei,9,9,11,15,22,39,53,43,36,35,5
Benjamen,39,39,39,37,35,31,26,16,8,5,1
Canon,1,2,4,5,16,31,51,57,53,49,6
Kaidyn,0,0,0,0,1,13,47,84,71,53,7
Khaled,6,9,14,18,25,26,24,41,52,51,9
Blane,14,19,28,32,34,45,39,29,19,14,3
Ishan,0,1,2,6,15,42,56,55,50,39,8
Kallen,0,2,4,5,9,14,26,65,65,70,15
Xavion,0,0,1,5,12,38,67,46,36,58,9
Akiva,7,8,10,13,20,24,35,41,43,61,12
Amit,34,58,43,33,25,25,22,16,9,6,1
Russel,51,52,39,33,22,19,17,13,13,11,3
Brandin,11,32,54,53,42,32,23,14,7,3,1
Isac,4,9,10,19,36,55,66,40,17,14,2
Garth,60,49,29,72,24,10,6,6,8,9,1
Deante,5,11,34,62,62,40,21,15,15,8,1
Denim,2,1,1,2,4,19,35,39,62,78,27
Whitney,46,80,83,20,10,9,6,4,5,8,1
Rosendo,30,33,34,37,35,30,26,15,15,13,3
Zen,0,1,1,5,11,20,30,33,48,106,19
Iain,9,14,18,23,39,56,46,31,21,14,1
Mahmoud,7,12,15,26,40,36,33,32,35,29,6
Legacy,0,0,0,0,0,1,3,15,71,157,24
Jovon,21,31,34,40,34,31,32,22,14,10,2
Atreyu,0,0,1,5,6,11,47,63,70,60,9
Sedrick,56,44,34,32,29,25,21,12,11,6,0
Yeshua,1,0,1,2,5,10,35,61,62,71,23
Rashard,21,24,37,45,32,32,33,24,14,8,1
Jory,25,33,53,50,29,20,17,15,16,11,2
Graeme,8,11,13,19,22,22,25,82,47,20,3
Jairus,8,16,21,31,31,33,36,33,33,23,5
Avion,1,0,3,8,11,33,45,44,63,55,6
Zeus,1,1,3,3,7,14,22,41,72,90,14
Roan,1,2,1,3,7,27,51,42,57,63,15
Leander,24,23,18,19,15,17,23,30,38,50,12
Aamir,1,4,6,12,14,19,34,53,66,53,7
Oziel,3,4,6,11,15,27,36,42,36,66,23
Naim,18,16,11,18,29,31,33,26,28,49,10
Courtland,16,17,30,51,49,24,21,22,18,17,3
Mattias,1,1,2,6,10,19,34,39,57,84,16
Willem,4,5,7,17,28,52,48,41,33,29,5
Kilian,3,1,2,10,12,13,19,27,73,90,18
Maksim,0,0,0,1,5,15,51,83,67,41,6
Kamarion,0,0,0,0,1,13,69,64,46,63,12
Aayan,0,0,0,0,0,1,39,48,87,82,11
Elon,7,7,12,8,8,9,13,23,82,90,9
Loyal,5,4,4,2,2,5,11,21,38,153,23
Marquel,7,11,25,47,56,37,31,24,19,11,1
Trinity,53,32,26,20,31,44,29,15,9,6,1
Landin,0,1,3,4,11,40,102,63,28,12,2
Delano,26,27,28,35,30,30,27,24,20,19,3
Greggory,46,46,52,50,32,16,12,6,3,3,0
Kruz,0,0,2,2,4,6,21,57,69,89,17
Anwar,39,51,22,19,19,24,28,22,20,18,4
Kainoa,3,5,7,15,20,34,40,41,47,44,10
Daveon,0,2,9,21,36,62,69,35,19,12,2
Domonic,19,20,26,33,32,42,38,25,18,11,2
Jakobi,0,0,0,3,13,25,40,45,58,71,10
Raymon,25,29,34,34,32,30,28,21,18,13,2
Kadeem,0,0,25,139,38,14,8,13,15,11,2
Marshawn,6,8,11,22,27,32,40,40,47,28,5
Anibal,31,29,35,38,27,21,25,18,19,18,4
Deonta,8,17,32,63,50,30,23,18,13,8,2
Dustyn,10,21,32,49,55,40,23,15,10,7,2
Nikita,5,4,17,17,21,36,49,44,40,29,3
Jiovanni,0,1,3,10,17,27,35,45,50,64,11
Torey,43,36,48,53,27,17,14,8,10,7,1
Kaisen,0,0,0,0,0,1,12,30,72,116,31
Warner,13,14,12,13,10,18,22,31,51,63,14
Bastian,0,0,0,3,7,10,14,33,82,90,22
Manny,19,17,21,23,22,25,40,37,26,28,4
Jamon,26,28,20,31,38,38,37,18,15,9,1
Cedar,6,4,4,5,10,14,20,31,69,83,16
Eugenio,29,29,28,30,26,28,26,20,20,21,4
Taron,15,24,25,30,34,36,32,20,21,21,3
Corwin,24,23,36,39,27,27,28,25,18,12,2
Phineas,1,3,2,2,6,16,45,57,62,57,11
Regan,35,21,18,27,30,32,33,27,22,14,2
Bryer,0,0,0,8,12,16,26,43,51,67,38
Jeshua,6,8,11,13,15,28,75,51,28,20,5
Rhodes,0,0,0,1,2,2,7,17,39,142,51
Varun,0,4,12,19,41,60,55,34,23,12,2
Zaylen,0,0,0,0,0,6,23,60,64,87,20
Chancellor,5,6,13,26,41,52,29,25,41,19,2
Fabio,14,18,20,31,28,27,35,29,28,26,5
Tayler,0,4,18,67,68,38,27,16,9,10,3
Nikolaus,15,29,32,42,41,32,22,17,12,12,2
Muhammed,7,9,9,15,27,31,32,41,40,41,7
Terell,15,27,45,52,36,29,23,15,11,5,1
Wilfred,46,45,35,32,22,20,15,13,13,14,3
Salman,2,8,10,20,20,22,26,42,63,38,5
Omer,10,14,14,18,26,29,31,35,40,33,7
Crue,0,0,2,1,0,1,10,28,39,147,31
Tegan,0,1,2,6,11,27,80,51,44,31,5
Codie,4,6,32,94,60,28,16,9,5,3,1
Dejon,5,8,20,52,55,43,31,18,13,10,2
Coltin,0,0,6,24,40,47,50,55,23,12,1
Gadiel,1,0,1,2,5,15,34,38,55,89,17
Denton,18,23,28,33,34,27,26,26,22,17,3
Ransom,8,9,13,12,19,17,29,42,47,52,10
Tyce,1,1,4,6,12,22,59,66,40,38,6
Aram,14,16,16,18,22,26,26,26,40,43,9
Torrance,51,29,34,34,24,22,20,18,15,8,2
Aksel,0,0,1,1,2,13,23,49,80,72,16
Quinlan,2,3,7,15,38,52,58,37,25,16,3
Domenico,22,19,19,23,26,28,30,29,27,28,6
Natanael,2,5,8,13,23,27,31,28,30,70,16
Yonatan,5,7,11,17,30,42,45,34,33,27,5
Ren,1,4,16,12,7,10,18,29,47,89,21
Beaux,2,2,4,6,5,8,15,29,61,100,24
Kyaire,0,0,0,0,1,4,7,13,28,113,88
Derrek,23,33,51,49,30,21,20,12,8,5,1
Damani,5,1,1,13,31,44,32,53,34,34,6
Ash,1,1,0,0,7,14,22,30,65,97,18
Hadi,0,2,4,6,15,30,45,44,46,47,14
Leyton,0,0,0,2,6,32,60,63,50,35,6
Zephyr,1,0,1,2,3,8,24,42,65,91,17
Saif,1,3,5,9,22,28,33,37,49,52,15
Andrey,11,9,7,13,20,33,45,47,40,27,3
Jacky,20,18,18,31,47,41,34,21,15,7,1
Zach,13,14,17,19,18,33,40,33,29,31,5
Luigi,27,26,26,28,24,28,29,21,19,20,5
Waylen,2,1,1,1,3,6,14,26,45,125,29
Orin,17,18,19,18,13,18,25,34,43,39,9
Aharon,8,12,14,21,22,26,28,31,39,43,7
Wylder,0,0,0,0,0,0,6,12,49,144,41
Garland,57,48,36,34,21,15,12,9,10,9,1
Zakariya,0,0,1,4,9,17,30,45,57,69,19
Renzo,4,3,7,8,15,27,32,31,45,65,15
Jermey,49,46,62,43,19,13,9,6,3,2,0
Tavaris,20,30,39,34,34,23,29,21,11,8,1
Boris,18,19,21,31,29,29,29,26,25,19,4
Rafe,4,7,9,9,6,30,33,39,39,56,18
Macklin,1,1,6,13,9,9,14,28,65,81,23
Ryatt,0,0,0,0,0,0,5,24,63,121,38
Adrain,50,46,44,29,21,16,16,13,9,6,1
Uziel,0,1,2,10,15,31,50,39,27,61,13
Lino,18,21,23,25,26,29,30,23,22,27,6
Demonte,4,6,14,50,52,42,31,20,16,13,2
Quenton,20,24,30,41,41,31,25,15,12,10,1
Calen,3,11,27,21,25,28,37,44,28,24,4
Kraig,48,49,57,43,25,12,8,4,3,1,0
Shaan,2,4,8,10,14,33,46,45,43,38,6
Xavi,0,0,0,0,0,0,20,116,51,50,11
Deklan,0,0,0,0,1,10,20,69,85,58,6
Kenyatta,84,27,16,27,32,25,14,11,7,5,0
Jordin,0,1,6,19,31,43,66,45,21,14,2
Augustin,18,16,18,20,20,23,28,31,32,33,9
Cartier,0,1,3,4,6,8,17,36,62,97,15
Esai,0,0,8,9,33,39,37,34,30,46,11
Alfonzo,41,32,35,34,25,20,20,15,13,11,3
Zakari,0,0,4,8,9,14,17,23,61,91,21
Caelan,0,0,0,10,46,53,41,37,29,27,4
Saad,3,10,13,21,29,34,33,36,36,27,6
Jahlil,0,0,5,17,28,36,33,38,51,34,5
Sharif,36,36,29,36,32,25,19,14,11,9,1
Cliff,46,69,40,20,12,9,8,9,11,19,4
Jalon,4,5,5,22,61,69,37,20,13,9,2
Jerel,25,29,67,56,24,12,10,10,8,4,1
Arik,14,15,19,29,29,35,29,26,27,20,4
Travion,2,5,13,27,35,50,53,29,17,12,2
Matheo,0,0,0,0,1,4,10,25,67,103,34
Wilbur,55,44,34,25,19,14,12,10,15,15,3
Shai,2,4,4,12,14,15,20,23,34,96,22
Brayton,1,5,7,14,37,40,41,47,31,20,3
Khamari,0,0,0,0,4,19,50,41,47,70,12
Hampton,6,7,10,14,17,23,28,36,40,52,12
Laquan,12,18,23,73,36,24,20,17,12,9,1
Leobardo,12,14,18,30,32,40,35,24,18,18,3
Niles,18,19,24,24,32,24,21,21,28,29,5
Lex,7,7,10,13,11,28,44,37,41,41,6
Jacen,4,4,3,4,15,27,44,67,48,25,3
Noa,1,3,1,2,12,29,39,34,33,68,23
Kayleb,0,0,1,7,13,30,56,70,42,22,3
Niklaus,1,2,4,5,7,6,4,12,78,112,13
Aman,5,5,9,14,27,52,43,27,26,29,6
Kiel,4,81,69,30,21,13,9,6,5,5,1
Aris,8,11,15,17,18,20,24,27,40,49,14
Breon,7,15,27,46,35,22,27,25,19,16,3
Nile,7,10,12,20,26,22,24,30,35,50,9
Broc,12,19,39,35,29,42,34,19,10,4,0
Sloan,8,10,15,18,24,23,25,36,39,40,6
Arvin,16,11,13,14,18,22,28,31,44,37,7
Lake,3,3,7,13,38,28,35,27,35,46,7
Tracey,73,28,37,39,24,14,11,6,5,4,1
Hilario,23,27,24,33,30,29,26,19,15,13,3
Marlo,33,23,17,14,15,15,17,23,31,45,10
Benaiah,2,2,4,5,7,8,19,41,67,70,18
Taha,1,2,4,9,18,32,39,48,39,40,11
Rustin,33,37,29,22,17,14,16,19,25,25,6
Javin,4,9,8,16,24,53,57,33,20,14,3
Jajuan,8,15,20,32,55,50,27,14,10,9,1
Homero,26,26,25,31,28,32,26,21,12,12,2
Adriano,8,7,9,12,17,23,51,44,33,30,6
Aj,5,8,19,15,16,26,35,36,37,36,8
Yehoshua,5,8,11,14,20,25,32,38,39,39,9
Daven,8,11,15,23,28,39,46,33,19,15,3
Devaughn,14,13,19,47,38,25,34,23,14,11,2
Eben,18,20,15,14,15,25,38,43,28,22,3
Martell,5,31,56,44,26,17,20,19,14,8,1
Caysen,0,0,0,0,1,6,21,48,73,77,14
Kenai,0,0,0,1,1,7,19,23,46,105,38
Landan,0,2,7,9,13,30,81,55,28,14,2
Bronx,0,0,0,0,0,2,10,56,72,81,19
Mahdi,3,6,7,10,17,27,36,41,41,40,10
Orrin,11,20,23,23,16,20,28,29,34,28,6
Sammie,46,41,31,29,21,15,17,17,11,9,2
Atharv,0,0,0,0,0,3,13,33,62,109,19
Keshaun,1,1,3,8,37,77,57,28,13,12,2
Booker,19,16,14,12,9,8,11,18,37,76,18
Tamir,9,11,9,14,24,28,25,21,37,50,9
Akash,4,5,10,29,37,51,37,24,22,16,2
Bently,0,0,1,0,1,1,10,156,48,19,2
Shemar,0,0,0,1,65,90,31,22,17,10,1
Gerry,54,45,36,32,23,16,13,7,7,5,1
Knowledge,0,0,1,0,3,14,20,30,60,95,15
Dominque,8,16,46,94,34,18,10,6,3,3,0
Donell,43,38,34,31,21,24,21,14,7,5,1
Tyreek,2,5,12,30,64,47,27,16,14,19,2
Dontay,17,27,30,34,33,29,26,20,13,9,1
Deshon,19,13,19,41,41,30,26,20,13,12,2
Kyng,0,0,0,0,0,0,4,24,100,99,10
Kayne,3,4,5,11,21,21,46,44,42,35,5
Brantlee,0,0,0,0,0,1,5,79,105,44,4
Filip,2,4,6,11,16,28,46,50,40,30,4
Shalom,7,8,9,12,15,24,29,34,41,49,10
Kendric,18,17,20,27,27,23,25,26,25,24,3
Ruger,0,0,0,1,6,10,22,55,75,56,11
Rashid,27,25,25,28,28,24,21,18,22,16,3
Lisandro,8,8,9,10,25,39,29,28,26,41,13
Alessio,0,2,1,4,7,13,22,27,46,85,28
Kamran,5,9,12,18,19,31,38,38,32,29,5
Sultan,11,8,9,11,13,16,14,25,47,66,16
Williams,18,18,21,28,22,28,30,21,22,23,4
Arya,0,3,11,13,15,34,52,44,29,27,5
True,0,2,2,5,10,12,17,23,41,100,21
Norris,43,39,36,30,21,17,12,12,12,10,2
Caius,0,0,0,1,1,7,14,40,67,79,25
Jashawn,1,2,5,14,25,52,59,37,21,16,2
Ivory,33,36,32,26,22,17,14,16,19,16,3
Frederic,37,30,27,23,23,18,16,15,20,20,4
Creighton,16,18,19,21,22,30,32,32,21,18,3
Om,0,1,0,0,2,34,63,50,42,35,7
Reymundo,24,28,23,27,30,26,27,17,14,14,3
Jaymes,4,6,57,38,23,21,26,25,19,11,2
Sevyn,0,0,0,0,1,1,5,10,34,142,39
Dimitrios,33,29,24,23,22,24,21,21,16,15,3
Romello,0,0,0,8,57,30,25,40,33,33,5
Donavin,4,5,7,17,28,57,61,29,16,8,1
Zavian,0,1,0,4,6,20,27,34,54,68,17
Braedyn,0,0,0,1,7,26,76,73,34,13,2
Osmar,2,3,4,12,14,29,60,43,30,29,6
Rogan,1,1,1,7,4,12,38,47,54,58,8
Burke,18,15,13,12,16,27,32,35,29,28,5
Shayan,0,2,6,19,27,28,33,32,34,42,7
Linden,5,9,10,9,13,14,24,31,50,52,13
Flavio,12,17,16,21,42,39,34,20,14,12,3
Zaden,0,0,0,0,1,14,57,77,48,27,5
Babyboy,0,2,25,45,52,52,13,8,13,18,2
Dru,13,17,18,17,34,30,24,17,20,34,6
Juston,36,51,43,32,25,19,12,8,4,1,0
Raekwon,0,0,0,4,146,44,13,5,7,10,1
Chayse,0,1,4,12,21,28,53,54,35,21,3
Homer,53,44,31,21,16,10,10,12,14,16,2
Kim,67,50,41,26,15,9,6,5,4,5,1
Jessiah,1,3,0,5,6,15,30,40,60,62,9
Elbert,54,42,38,30,19,14,12,8,8,3,1
Slater,2,1,2,16,22,27,26,28,35,54,16
Kavin,12,15,14,16,15,26,38,41,36,14,3
Korben,0,0,1,3,9,29,37,58,55,34,4
Terrill,55,35,37,33,20,14,11,11,6,6,0
Jiraiya,0,0,0,0,0,0,6,16,43,140,23
Zayan,0,0,0,0,1,5,17,41,50,92,22
Ceasar,19,20,24,28,33,34,32,19,12,7,0
Obadiah,9,9,8,8,10,15,20,32,49,57,10
Damen,28,17,18,28,26,32,28,25,17,9,2
Justine,18,40,64,45,24,16,13,6,2,1,0
Reinaldo,35,39,36,29,23,21,17,12,8,7,1
Sanjay,19,19,13,18,21,29,40,35,22,11,2
Taurean,0,70,48,31,9,14,25,13,8,7,1
Laken,0,0,0,5,7,12,32,41,53,66,12
Johnmichael,10,20,29,28,32,29,27,19,16,14,3
Thorin,3,3,4,5,9,9,10,26,71,73,13
Nolen,4,7,6,9,13,24,41,43,41,32,6
Mathieu,12,17,19,22,29,33,31,23,21,17,2
Mckay,6,7,11,22,39,34,31,32,22,19,3
Merlin,24,21,19,19,20,23,21,17,24,31,6
Alexavier,0,0,1,2,4,26,73,61,39,18,2
Buck,39,43,30,17,10,8,11,12,20,27,8
Issa,7,8,8,14,16,19,27,31,36,49,10
Mendel,10,7,9,11,17,20,28,33,34,46,9
Shia,0,0,2,4,6,9,30,43,40,76,14
Chosen,0,0,0,0,0,1,2,3,26,139,54
Avyaan,0,0,0,0,0,0,0,4,46,146,28
Romel,14,19,18,25,25,25,27,27,21,19,4
Ermias,0,0,0,0,1,2,1,2,56,145,18
Krishna,8,7,8,14,21,30,36,35,33,27,7
Sol,11,9,6,10,9,14,20,22,34,73,18
Ansh,0,0,0,0,2,18,41,57,55,44,7
Tristyn,0,0,0,1,24,26,57,60,36,18,2
Clement,23,23,21,21,18,19,21,20,24,29,6
Terron,19,27,28,34,29,25,27,18,9,7,1
Nicklas,13,18,19,28,42,44,29,18,9,4,1
Kaleo,2,4,3,5,8,14,21,28,43,71,27
Ajani,4,4,4,9,15,44,47,28,22,41,7
Diamond,11,15,27,45,38,21,13,12,16,23,4
Demetris,30,33,34,42,23,21,15,12,8,6,1
Jacorey,0,3,10,23,34,37,50,35,19,12,2
Eren,1,3,4,4,7,12,16,17,35,98,27
Bowie,2,1,2,0,2,4,10,18,71,97,16
Ike,18,16,18,16,11,17,28,32,33,27,6
Cyril,22,25,20,24,18,23,22,22,21,21,4
Arlen,15,17,20,15,18,14,18,21,31,43,11
Yuri,14,16,15,15,12,14,23,26,37,42,9
Vincente,22,23,25,32,28,29,24,17,9,12,3
Aren,9,11,11,19,25,24,27,25,30,34,7
Kennith,40,35,39,30,23,17,16,12,6,4,1
Thad,66,38,28,21,16,14,13,12,8,5,1
Jarren,1,7,21,28,33,43,35,27,17,9,2
Zayvion,0,0,0,0,1,11,30,49,55,65,11
Aramis,7,10,20,23,21,32,33,23,26,24,3
Christoper,41,49,51,28,17,12,12,6,3,1,1
Antwain,38,40,39,29,18,15,18,14,7,4,1
Jaxtyn,0,0,0,0,0,0,2,13,74,124,8
Ashwin,2,7,11,16,26,40,34,33,30,19,3
Taylen,0,0,0,4,9,18,31,38,44,63,14
Link,5,2,2,2,1,4,12,29,72,81,11
Renato,21,21,18,19,22,25,22,24,22,22,4
Cam,7,5,5,7,9,11,16,41,48,59,13
Ilyas,1,1,1,1,4,14,23,39,51,65,20
Fausto,15,21,23,27,26,27,27,19,16,15,3
Shiv,0,1,5,9,20,28,35,35,37,41,9
Gil,25,28,23,25,26,23,24,17,15,12,2
Jariel,0,1,2,6,5,14,45,60,50,31,5
Joao,12,10,10,13,12,24,29,20,26,49,12
Linkin,0,0,0,0,0,6,33,44,68,58,10
Tyrek,2,1,6,18,72,59,27,15,9,7,1
Geno,16,16,16,24,22,20,22,24,25,29,5
Michal,20,22,28,30,30,28,29,16,8,7,2
Rakeem,3,4,23,71,39,13,13,14,18,17,3
Arham,0,0,0,0,2,7,13,27,64,87,18
Caeden,0,0,0,1,6,48,66,48,26,20,3
Emile,18,18,15,16,16,18,22,21,31,38,7
Lucky,13,12,11,16,23,25,31,23,24,31,11
Ciaran,1,1,5,11,20,26,35,37,32,40,11
Lindsey,40,58,50,27,16,11,6,4,4,2,0
Abdirahman,0,0,0,1,9,22,40,58,54,30,4
Jayse,0,0,0,4,6,14,34,74,59,24,3
Chayce,0,0,3,8,19,21,36,48,43,36,5
Drayden,0,0,0,0,1,13,49,68,50,32,4
Parth,0,0,5,34,40,37,32,25,23,16,5
Elam,7,9,7,11,10,15,20,37,57,39,6
Calder,0,4,7,9,10,20,27,36,49,45,9
Jaquez,0,0,3,14,43,68,42,22,13,10,2
Kiyan,0,0,0,0,4,7,9,63,56,58,20
Rueben,27,28,30,28,23,22,17,14,14,11,3
Fischer,0,0,0,2,13,23,39,48,46,39,6
Grayden,0,0,1,2,6,19,52,56,47,28,5
Ramone,22,29,34,29,21,18,19,20,14,8,2
Tyren,5,4,7,16,31,38,40,36,23,14,2
Kelley,47,43,37,26,16,13,10,8,9,7,1
Aaryan,0,0,0,0,0,15,33,50,64,47,7
Arion,4,6,8,11,14,27,35,38,35,30,7
Jaedon,0,0,0,2,20,66,66,46,12,3,1
Torrence,34,27,29,28,19,18,18,20,14,8,1
Willy,20,18,20,30,23,25,25,20,15,14,3
Carsten,3,3,5,10,13,27,44,57,31,19,2
Kalani,10,9,12,14,17,30,37,36,27,19,2
Burton,46,39,28,19,13,12,13,15,13,14,2
Nahum,5,6,7,12,19,25,40,34,32,28,6
Dior,0,2,5,6,5,7,16,19,31,112,11
Jeron,19,24,29,33,28,28,22,15,8,6,1
West,6,9,8,9,9,10,21,33,41,53,16
Wren,1,0,6,4,4,5,7,19,48,100,20
Arin,10,11,14,20,21,17,19,25,31,38,7
Abe,17,15,12,10,13,21,24,28,38,29,6
Amauri,0,1,1,3,6,18,39,47,52,42,6
Blade,0,2,7,27,45,46,30,23,17,14,3
Jayven,0,0,0,1,6,23,42,57,49,31,4
Bob,65,45,30,24,13,10,9,6,8,3,1
Hakim,34,25,19,26,18,21,16,14,15,20,5
Eiden,0,0,0,0,0,1,7,20,40,89,56
Elizabeth,33,45,55,31,15,15,9,5,4,2,1
Faisal,10,12,16,19,23,22,22,34,29,23,4
Franky,13,12,17,21,24,26,34,24,20,17,4
Khristopher,24,20,29,32,22,20,22,18,15,10,2
Shaquan,2,7,14,64,65,27,12,9,7,6,1
Sir,8,12,9,17,12,17,21,23,38,49,7
Cadence,0,0,0,1,7,25,42,41,42,48,8
Christos,26,24,22,21,17,22,25,20,18,15,3
Giorgio,4,5,20,15,16,19,24,26,36,40,8
Cheyenne,30,26,24,48,43,21,9,5,4,3,0
Minh,10,32,26,28,21,20,21,19,17,14,4
Jaedyn,0,0,0,0,3,31,75,64,25,13,1
Mckenzie,12,17,25,45,49,22,15,12,8,4,1
Antoni,8,9,9,13,17,27,39,31,23,27,6
Dmitri,6,7,10,21,28,31,28,27,27,21,3
Von,18,17,18,18,11,14,21,21,29,36,7
Kyrin,0,0,0,2,10,16,20,44,62,49,9
Maddix,0,0,0,0,0,6,43,58,61,38,4
Hansel,6,10,11,15,10,10,16,31,38,54,10
Jeriah,1,2,3,3,9,19,25,32,38,65,14
Tarek,14,16,23,27,28,24,21,17,22,16,2
Jamell,21,29,35,29,18,19,21,18,10,9,2
Braxtyn,0,0,0,1,1,4,20,56,62,58,8
Eian,2,3,5,9,14,32,45,52,26,20,3
Maria,35,44,50,36,17,10,8,4,3,3,1
Marius,13,10,8,12,14,27,33,29,32,26,5
Robinson,13,17,22,24,21,18,22,28,24,18,3
Athan,2,4,5,2,6,18,41,54,39,32,5
Kylin,0,0,2,3,9,22,23,36,42,63,9
Demitri,3,4,7,26,30,34,31,32,23,16,3
Diesel,0,0,0,0,0,9,40,66,58,31,6
Doyle,54,38,29,24,17,13,14,7,6,5,1
Kamil,5,6,8,16,29,33,35,29,24,23,3
Scout,0,0,0,4,13,20,24,30,39,66,13
Naeem,14,12,9,18,17,19,28,28,28,31,6
Tavian,0,0,2,7,41,48,50,31,17,11,3
Enrico,30,25,24,31,22,20,15,14,13,13,2
Yovani,0,1,4,13,26,37,51,36,19,17,3
Jarad,30,50,46,32,25,10,4,1,1,8,1
Bert,69,45,30,21,11,8,7,6,7,5,1
Elyas,0,0,1,1,6,12,22,35,47,70,16
Kolson,0,0,0,0,0,3,6,15,37,121,27
Malikai,0,0,0,0,1,14,30,31,51,70,13
Mitch,21,35,43,34,23,18,12,9,8,5,1
Maleek,1,1,2,14,39,32,36,31,24,26,3
Sarah,32,56,56,24,12,15,8,2,3,1,0
Ashtyn,0,0,0,2,6,21,43,37,42,49,8
Erasmo,23,25,24,27,28,24,23,11,10,9,2
Syrus,0,1,1,4,11,24,31,35,39,54,9
Lyam,0,0,0,0,0,1,8,38,60,82,20
Jareth,0,0,15,17,16,25,36,29,28,34,8
Asaiah,0,0,0,0,3,6,10,15,39,102,33
Hoyt,11,8,9,6,7,9,22,45,51,36,4
Britt,33,36,41,33,20,14,11,8,6,6,0
Hussain,1,6,8,7,14,19,21,32,47,45,8
Chadrick,53,45,35,22,13,12,10,7,4,4,1
Trinidad,31,27,22,23,22,25,20,13,11,12,1
Brando,5,7,12,19,27,34,45,28,15,12,2
Ayush,0,0,0,2,6,39,59,49,30,18,3
Charleston,12,15,19,19,18,16,19,27,34,23,4
Chasen,3,9,19,24,29,21,23,32,24,18,2
Ozias,0,0,0,0,0,2,9,15,42,99,38
Zacharias,5,9,12,20,20,25,26,27,37,22,3
Akil,21,19,13,33,29,23,20,14,18,14,2
Juanpablo,2,3,3,6,12,20,54,49,31,23,4
Kit,15,16,10,9,7,7,5,7,35,75,20
Kylar,0,0,0,4,20,22,31,47,49,29,3
Nicky,59,37,21,23,16,13,14,6,7,7,1
Gavriel,3,4,7,7,11,18,28,34,38,43,12
Taran,5,5,6,37,43,25,26,23,18,15,4
Jansen,8,12,15,24,30,25,24,21,24,20,3
Kekoa,7,6,9,13,17,24,29,30,33,31,6
Vikram,9,14,16,15,19,28,25,25,24,25,4
Tyran,18,12,15,22,35,27,28,22,14,11,1
Yazan,0,1,2,7,11,17,18,28,42,59,19
Jihad,7,13,17,33,35,35,21,17,13,11,2
Mayer,7,8,12,12,16,16,23,26,33,43,8
Bradon,6,13,20,25,35,41,40,15,5,2,1
Eros,1,0,0,2,10,20,25,28,39,64,15
Yariel,0,0,0,3,1,9,40,55,49,39,8
Zebulon,31,37,24,22,20,17,12,13,14,12,2
Demarius,2,10,14,31,26,28,34,28,19,9,2
Granger,2,1,2,3,4,4,7,12,61,97,10
Maceo,13,9,7,9,17,17,22,29,38,35,7
Codi,2,5,26,70,40,19,12,8,9,10,1
Neftali,12,13,16,17,25,29,29,20,21,17,5
Reno,16,14,14,31,49,21,14,14,13,14,2
Jerrick,11,19,26,30,24,23,23,20,17,8,1
Rush,6,6,7,9,6,7,19,28,38,63,13
Levar,95,31,19,8,11,13,10,7,5,2,0
Ozzie,7,7,13,11,8,12,18,23,32,59,12
Jonny,11,11,14,20,19,26,32,29,20,18,3
Tj,14,24,30,23,19,19,19,19,16,16,3
Journey,0,1,1,2,11,15,21,36,52,54,8
Kaius,0,0,0,0,0,0,5,21,60,93,22
Raj,11,14,15,22,28,37,22,22,16,13,2
Caine,6,5,5,12,22,21,30,27,31,37,5
Billie,53,48,27,24,14,11,9,6,4,4,1
Eliott,6,8,11,14,13,15,24,32,36,36,6
Mychal,9,22,65,43,15,15,12,10,7,3,1
Conan,26,22,10,9,14,13,13,22,27,35,10
Loki,0,0,0,0,1,7,23,40,58,63,9
Lamonte,23,17,19,32,26,22,21,18,12,9,2
Izan,0,0,0,0,0,1,3,12,43,115,27
Rondell,28,27,28,28,22,18,18,14,10,6,1
Zaine,0,0,2,5,13,21,33,41,45,36,5
Leopold,7,5,5,5,7,13,21,30,51,48,8
Clemente,20,22,20,24,26,24,21,14,14,11,2
Amanda,36,51,65,28,11,6,3,1,0,0,0
Zymir,0,0,0,0,1,8,18,29,38,81,25
Eriberto,20,21,25,34,32,31,22,7,5,4,1
Kevan,28,30,42,34,21,18,11,7,6,4,0
Pharaoh,1,0,0,1,4,6,13,25,77,66,7
Armin,9,6,8,8,19,25,23,26,32,36,7
Treyson,0,0,0,2,8,22,39,51,39,33,5
Merritt,10,9,12,9,10,12,15,25,45,41,12
Fransisco,24,24,21,28,25,30,23,10,7,5,1
Stephanie,33,46,55,38,15,7,4,1,0,0,0
Talen,0,1,2,8,10,17,75,46,22,17,2
Asad,3,6,10,17,19,24,21,22,28,40,8
Esau,9,11,13,18,19,30,35,23,18,19,4
Freeman,24,26,22,24,20,18,18,15,15,14,3
Tito,33,25,24,22,20,17,19,15,12,10,3
Davi,3,4,4,4,5,6,21,34,44,61,12
Markeith,19,24,33,39,21,18,16,12,10,6,1
Tyshaun,2,6,9,17,27,38,45,26,16,11,1
Stanton,20,23,28,30,22,15,13,14,17,13,3
Hosea,18,13,16,17,14,15,14,26,29,29,7
Graydon,6,6,9,11,16,22,39,41,32,15,2
Abhinav,0,0,0,4,13,36,58,45,27,12,1
Evans,14,17,20,17,15,16,17,20,22,32,7
Jereme,53,51,38,23,11,7,7,5,2,0,0
Kyzer,0,0,0,0,2,6,12,14,70,81,12
Zuriel,1,2,1,5,18,26,33,36,28,37,10
Quadir,3,4,5,9,16,39,37,22,20,40,3
Azaiah,0,0,0,0,1,3,7,19,44,88,35
Jeb,31,32,21,17,18,27,16,13,12,9,1
Zacchaeus,3,4,8,14,23,31,30,28,24,26,6
Elyjah,0,0,0,1,13,29,41,45,33,31,5
Benji,45,12,4,5,4,6,8,14,32,53,14
Xavian,0,0,3,6,10,24,35,35,32,41,9
Carsyn,0,0,0,0,1,10,28,55,55,40,6
Breck,8,8,11,11,7,14,23,36,38,36,4
Kevyn,4,6,12,24,25,33,42,28,13,7,1
Tahir,10,7,6,13,21,25,26,20,25,38,5
Tyreese,8,8,14,21,32,48,30,17,10,7,1
Ved,0,0,0,0,1,9,22,30,49,66,19
Gabino,14,12,17,24,27,25,21,19,15,18,3
Antwone,19,20,23,18,13,31,36,20,9,5,2
Malique,0,0,1,13,54,45,34,22,15,11,1
Kiefer,0,0,13,66,31,24,32,17,9,3,1
Niall,5,5,9,17,16,18,15,23,35,43,10
Emmit,4,4,3,5,8,11,18,56,52,30,4
Carnell,30,27,24,24,17,14,25,18,10,5,1
Quran,5,6,8,23,36,29,32,21,18,14,2
Jaxsen,0,0,0,0,2,10,26,66,58,29,4
Khyree,0,0,1,6,13,20,14,25,48,61,8
Kobi,2,0,3,6,23,39,25,20,27,44,6
Jomar,5,7,8,15,18,22,57,29,20,12,3
Bryar,0,0,0,13,15,21,21,39,42,34,8
Bryden,1,2,3,4,10,17,35,65,38,18,3
Lauren,20,40,54,28,18,16,9,5,3,2,0
Tavis,32,25,17,25,31,24,20,11,6,4,1
Jeronimo,10,10,9,13,13,18,21,28,33,31,8
Kolter,0,0,2,5,4,6,13,19,21,78,48
Armond,20,23,20,22,27,27,19,15,12,8,2
Mahlon,15,15,14,18,20,21,21,21,23,22,4
Viraj,0,1,2,5,8,11,14,23,49,68,14
Timmothy,40,33,35,26,22,14,13,6,2,3,1
Aizen,0,0,0,0,0,0,6,31,49,89,20
Baltazar,11,14,18,23,24,26,24,17,15,17,5
Geronimo,19,18,14,16,21,20,24,19,22,19,3
Simcha,6,6,9,15,14,16,23,26,34,35,9
Tyrin,3,1,3,21,44,34,33,23,17,13,2
Mamadou,0,0,0,6,15,31,35,30,33,34,9
Hashim,13,8,8,11,13,17,19,29,38,29,8
Murray,27,24,18,17,13,11,12,17,24,25,5
Tyrique,0,1,3,14,62,50,29,14,10,9,2
Franklyn,17,21,26,26,24,18,21,14,13,11,2
Naftali,8,8,11,12,13,14,30,24,31,35,6
Nikolaos,19,14,15,12,16,18,22,23,21,25,5
Yechiel,5,7,9,10,13,19,24,31,31,33,8
Andrae,32,52,25,16,10,11,16,13,9,5,1
Rony,6,9,15,20,23,24,30,21,20,21,4
Dontavious,0,5,17,40,31,31,26,18,13,9,1
Long,15,37,36,28,19,21,10,15,4,6,1
Gionni,0,0,0,1,4,7,15,57,56,48,5
Terrel,16,20,38,38,29,19,14,7,6,4,0
Westen,0,2,2,4,6,9,17,39,36,58,16
Salim,13,14,12,14,17,18,20,24,27,26,6
Lenox,1,1,1,0,2,3,9,28,56,77,14
Alston,4,6,9,20,27,22,25,30,30,16,2
Brook,45,34,25,25,17,10,9,9,7,7,2
Weldon,29,26,21,18,13,12,13,14,20,21,5
Konstantinos,24,20,15,13,14,17,20,23,20,22,3
Demetrios,30,24,18,21,18,24,19,16,11,8,2
Blaize,0,2,3,10,15,34,30,35,30,26,6
Nabil,8,10,14,19,21,24,22,21,24,22,5
Jireh,0,0,1,4,7,10,13,19,18,90,27
Jrue,0,0,0,0,0,0,1,17,33,108,30
Saleem,15,18,13,14,16,17,20,22,26,25,5
Avian,1,1,3,4,7,17,32,33,43,41,10
Marquan,1,2,7,28,39,35,32,21,14,11,1
Stevan,21,24,28,30,21,20,15,13,9,6,1
Alen,6,9,10,15,17,30,33,24,20,22,4
Kedrick,27,25,23,22,24,22,18,13,9,6,1
Tyre,10,12,13,34,40,30,21,12,8,7,1
Faustino,19,19,21,28,22,24,19,15,11,9,2
Geraldo,24,24,38,37,20,16,13,8,5,4,1
Auden,1,0,0,3,5,13,23,35,51,49,9
Domonique,5,12,32,61,30,14,10,9,8,6,1
Lavell,21,21,24,26,19,18,19,16,14,9,1
Chayton,0,0,0,3,20,44,34,41,30,15,2
Chadd,39,40,45,31,17,8,4,2,2,0,0
Olivier,5,7,7,11,12,17,32,34,32,27,5
Nehemias,1,4,2,5,6,11,25,30,48,45,11
Tavin,0,2,3,15,15,23,51,48,21,10,2
Jahari,1,1,0,3,9,24,32,33,33,41,10
Fritz,21,19,18,15,13,13,14,19,25,26,5
Lavar,61,34,24,11,11,17,14,8,6,2,1
Domenick,15,14,17,23,24,25,27,19,12,10,2
Kolin,3,5,10,19,27,34,31,27,20,10,2
Artemio,17,19,18,24,23,25,21,13,12,12,3
Devion,0,1,7,21,33,44,35,24,13,9,1
Isacc,8,11,10,15,25,37,35,24,12,9,1
Yohan,0,2,1,3,4,10,21,36,37,56,16
Braxten,0,0,0,2,6,13,31,47,51,32,5
Jourdan,2,10,21,37,36,28,19,15,11,8,1
Kc,11,20,31,33,23,17,16,12,12,11,2
Cyle,8,14,36,49,31,20,16,8,3,1,1
Tramaine,17,35,31,25,14,13,15,18,10,7,1
Brooklyn,1,1,3,5,9,19,46,34,37,29,4
Sampson,13,14,17,17,20,17,19,19,26,22,3
Ender,0,0,0,1,2,5,14,39,56,60,9
Christain,7,8,12,27,39,36,28,17,8,3,1
Iverson,1,0,1,1,6,33,24,15,34,57,13
Ellison,6,5,10,9,7,10,14,26,47,42,10
Ryden,0,0,0,0,1,7,23,54,57,38,5
Nicolai,4,5,8,13,15,18,28,30,31,28,5
Rohit,9,10,14,20,29,48,32,14,7,2,0
Kalin,5,11,20,33,34,21,20,19,14,9,1
Riaan,0,0,0,0,0,0,1,15,90,70,9
Daylin,1,1,2,6,14,28,39,37,27,27,4
Johannes,8,13,14,15,20,18,20,21,27,23,5
Abbas,4,5,7,7,12,18,23,29,40,34,6
Abdullahi,0,0,0,1,9,20,31,48,43,30,4
Tylen,0,0,1,4,10,19,28,38,33,41,10
Divine,1,2,6,12,19,22,23,22,24,45,7
Izak,0,1,2,7,20,39,48,33,19,15,2
Sulaiman,5,5,4,7,9,11,14,26,40,52,11
Baxter,5,5,12,17,21,20,21,30,31,18,4
Saeed,9,10,12,16,18,19,23,27,25,22,5
Waleed,11,10,11,17,25,26,21,23,20,18,4
Aziz,5,9,10,12,18,16,17,24,28,37,8
Arie,7,9,9,16,15,13,15,26,32,38,6
Derrik,12,24,34,45,24,16,13,7,5,3,0
Levy,9,11,11,12,11,12,15,22,29,44,10
Holland,8,9,8,9,9,10,15,20,28,53,14
Demitrius,14,14,17,28,25,25,26,16,11,7,1
Kolbe,0,0,1,5,17,38,23,26,28,36,8
Farhan,2,6,9,11,17,19,27,27,28,30,7
Valentine,14,16,15,14,16,12,15,16,23,32,9
Demetric,35,29,23,28,17,16,12,9,7,5,1
Jamarius,0,1,6,20,28,37,44,23,13,11,1
Akhil,0,1,4,8,17,35,44,39,23,11,2
Amon,12,10,9,11,17,22,25,19,23,28,4
Germaine,43,37,19,20,16,14,12,10,5,4,1
Axle,0,0,1,1,1,1,7,30,67,63,10
Rashon,18,21,23,29,25,23,17,12,8,5,1
Lamarr,29,32,29,22,17,12,12,14,10,5,1
Makari,0,0,0,0,1,6,10,19,31,89,26
Daemon,5,1,1,5,13,24,25,26,25,47,10
Jaylyn,0,0,0,6,25,41,51,28,15,13,2
Kanan,0,0,0,3,5,4,7,6,50,87,19
Akshay,0,2,4,15,29,36,38,26,19,11,1
Griffen,0,0,4,8,39,42,34,23,16,14,2
Haris,0,2,5,10,21,29,26,23,30,29,6
Cordero,0,0,89,37,11,5,10,13,8,6,1
Demetrio,15,18,17,19,23,26,23,15,13,11,2
Jamere,0,2,10,11,10,20,37,41,25,22,3
Khaza,0,0,0,0,0,0,0,1,44,119,17
Shaya,2,2,4,6,6,12,16,25,40,53,14
Jalin,0,0,0,15,44,62,33,11,7,6,1
Niam,0,0,0,1,1,3,4,22,68,70,13
Sandy,39,37,32,22,16,9,8,6,5,5,1
Dalen,6,5,8,13,29,41,32,19,13,12,2
Jalyn,0,0,0,9,34,55,42,20,11,9,1
Jarius,3,9,12,24,32,38,26,18,10,6,2
Ryon,22,23,28,25,19,17,16,12,11,7,0
Carmello,0,0,1,2,1,10,46,63,27,26,4
Collins,10,12,16,14,15,15,16,26,26,27,5
Takoda,0,0,0,2,33,28,33,25,27,27,4
Tyriq,0,0,0,9,50,44,22,15,20,16,3
Rayvon,4,8,14,26,26,28,23,21,16,12,2
Paden,0,0,26,30,25,28,27,19,13,9,2
Rahim,19,14,15,18,18,14,15,17,20,22,7
Haydn,0,1,2,12,23,45,44,24,15,12,2
Roshan,6,11,11,13,16,29,29,26,19,16,3
Edrick,14,14,9,11,11,13,17,15,33,33,9
Jayshawn,0,0,1,6,12,34,50,39,19,14,3
Gamaliel,12,12,12,16,17,25,24,19,21,17,4
Conley,7,8,7,9,12,14,18,35,33,30,5
Thane,11,11,11,14,16,20,21,24,25,20,3
Saleh,3,6,7,12,13,15,22,24,35,36,6
Rigo,6,12,13,20,21,23,31,19,16,14,3
Anand,19,24,19,14,18,21,19,13,15,12,2
Carlin,11,17,19,24,23,17,21,17,16,9,1
Hershel,18,16,15,14,13,16,20,19,19,22,5
Melissa,50,53,39,17,9,4,3,0,1,0,0
Dayvon,0,3,9,23,26,29,26,18,11,26,5
Rudra,0,0,0,0,0,4,22,31,47,57,15
Charlton,27,24,28,23,17,16,16,11,8,6,2
Vinson,23,18,22,24,18,15,17,16,15,9,2
Michelle,44,44,38,24,12,9,5,2,0,0,0
Markanthony,6,14,25,30,39,28,15,9,6,4,1
Meyer,7,4,7,8,9,10,18,25,35,46,10
Kohl,0,3,6,23,32,44,28,17,13,8,2
Jasir,0,0,0,0,2,15,35,29,32,55,8
Baruch,7,10,12,13,16,15,18,24,23,32,6
Kordell,0,1,4,6,58,26,24,21,17,17,3
Odell,29,29,22,23,14,10,10,8,16,13,2
Seneca,52,38,10,6,9,14,16,10,12,9,2
Clive,6,7,8,12,8,8,21,31,38,31,6
Napoleon,24,25,29,22,17,18,13,12,9,6,2
Philippe,24,26,25,22,19,17,13,10,10,8,1
Ameen,6,5,6,12,15,21,26,26,26,27,6
Christen,18,18,25,25,19,23,16,12,11,8,1
Nickolaus,13,27,26,31,30,22,17,6,4,0,0
Yousuf,0,1,2,5,7,18,18,30,41,44,9
Kelan,3,7,8,13,16,18,51,28,18,11,2
Laine,5,5,7,10,19,21,21,18,29,36,3
Javaris,4,11,23,33,25,20,24,17,11,8,1
Zyan,0,0,0,0,6,14,20,28,38,58,11
Geovany,1,2,6,17,20,27,39,29,18,14,2
Nino,12,10,10,19,20,21,20,17,21,23,3
Lucus,17,25,13,17,19,19,23,20,12,7,1
Maddex,0,0,0,0,0,4,32,62,45,29,3
Zade,0,0,2,3,7,18,27,33,30,44,11
Jarrad,33,39,41,29,18,7,4,3,1,0,0
Ronnell,24,25,26,28,18,16,14,10,9,4,1
Kiernan,1,3,6,13,21,32,33,25,20,17,3
Yousif,0,1,3,4,7,15,17,40,47,34,6
Price,7,9,12,12,14,17,23,24,25,26,6
Karlos,17,15,13,16,13,20,23,22,16,16,2
Brandy,42,31,26,17,12,12,14,9,6,4,1
Usman,1,7,10,14,18,16,17,17,21,42,11
Abdulaziz,1,5,6,8,14,14,15,37,42,27,5
Javien,0,0,1,3,9,25,51,42,23,18,2
Jayquan,0,0,5,23,35,39,33,17,12,7,1
Savon,0,0,0,37,51,29,17,11,13,12,3
Dajon,0,2,8,29,41,35,24,15,9,8,1
Jacquez,0,1,5,18,52,52,18,12,10,6,1
Nicola,21,15,17,21,21,19,16,11,13,16,3
Brien,30,32,28,25,21,15,10,5,4,2,1
Merle,36,30,20,16,13,11,10,8,10,14,3
Amadeus,0,0,7,7,10,14,18,22,35,49,10
Aslan,1,1,0,1,4,4,17,19,28,69,28
Demian,20,5,2,3,6,16,31,34,22,27,5
Pascual,12,15,18,21,17,20,18,15,15,18,3
Drayton,4,4,6,12,21,25,31,27,20,17,5
Aayden,0,0,0,0,0,2,24,75,57,12,1
Huy,9,35,27,25,21,16,15,11,7,5,1
Sire,0,0,0,0,1,3,11,24,52,68,12
Chuck,68,33,24,14,8,6,5,3,5,3,1
Kartier,0,0,0,0,0,0,1,8,32,112,19
Khalif,9,12,15,24,21,16,14,20,21,16,2
Wilber,6,6,10,19,18,26,30,21,17,16,3
Flint,10,10,12,9,8,8,10,23,39,36,6
Kaycen,0,0,0,0,0,0,4,18,47,80,24
Margarito,22,22,21,27,21,18,17,9,8,6,2
Niklas,2,6,10,17,32,37,32,19,11,6,1
Colsen,0,0,0,0,0,4,9,13,17,76,52
Heber,6,9,9,12,17,25,34,25,15,16,3
Taven,0,0,1,5,8,17,55,47,21,15,2
Arrow,1,0,1,2,3,2,6,18,69,62,8
Shaurya,0,0,0,0,0,5,21,37,49,43,16
Jakoby,0,0,0,2,8,19,33,44,37,26,3
Amador,20,17,18,21,22,19,15,14,12,11,2
Jhon,9,8,10,15,17,22,27,17,14,26,6
Zacharia,10,12,19,24,23,23,25,15,11,7,2
Jermain,33,41,24,18,12,12,14,8,6,2,1
Haziel,0,0,0,1,2,8,26,20,27,55,32
Patric,12,14,31,51,31,13,8,6,3,1,0
Antone,27,25,21,25,17,16,15,10,8,5,1
Teodoro,18,17,16,17,17,17,15,11,15,23,5
Alexandros,8,9,13,18,17,18,22,23,20,18,5
Roque,17,16,15,21,20,21,18,15,16,12,2
Dixon,6,7,8,11,15,15,19,31,32,23,4
Vishal,8,19,26,25,29,28,21,9,4,2,1
Mavrick,0,0,2,6,9,13,21,21,41,49,7
Jameer,0,0,1,4,8,19,42,46,26,22,3
Daryn,17,17,18,24,22,21,20,15,11,4,1
Sai,0,5,7,8,10,15,26,26,30,35,9
Jhett,0,0,0,1,4,7,15,28,51,54,10
Matheus,0,0,1,3,9,27,39,27,27,30,7
Izael,0,0,0,0,3,5,9,14,16,90,34
Jashua,10,23,31,25,19,18,22,11,5,4,1
Alexi,8,9,10,17,24,25,28,19,13,14,2
Ryu,0,0,1,1,7,13,24,42,33,42,6
Edmundo,22,23,19,22,20,20,16,10,8,8,1
Jefferey,37,40,34,25,13,8,6,5,2,0,0
Cutter,0,1,6,8,20,31,33,26,20,19,5
Holt,2,2,6,7,10,11,20,27,36,40,8
Damonte,0,0,4,22,36,33,30,19,13,10,2
Kadence,0,0,0,0,1,13,23,34,40,49,8
Johathan,21,45,52,23,12,9,4,2,0,0,0
Terrion,0,1,6,11,18,34,36,28,20,13,3
Tymir,0,0,0,2,11,22,23,20,25,54,11
Kalob,1,3,6,20,30,49,33,19,5,2,1
Cayde,0,0,0,0,2,4,5,8,54,82,13
Damond,36,12,11,23,24,23,15,10,8,5,1
Lenin,6,8,7,10,13,17,23,18,34,27,4
Jabril,1,1,8,24,23,23,22,18,25,20,2
Kacen,0,0,0,0,0,4,10,32,63,49,11
Javeon,0,0,0,2,9,33,49,38,19,16,2
Sammuel,9,11,17,18,17,20,28,20,13,13,2
Cavan,4,8,8,11,13,25,34,28,20,14,3
Esequiel,19,22,18,21,24,19,17,10,8,9,1
Zaidyn,0,0,0,0,0,0,11,44,52,53,8
Arsenio,6,13,65,32,8,6,8,10,8,10,2
Silvestre,12,12,16,26,25,23,20,12,10,9,2
Bayron,1,1,3,7,8,9,36,36,32,31,4
Jahaziel,0,1,4,8,11,17,24,25,29,42,8
Eliazar,8,10,11,17,15,20,22,18,19,21,4
Kejuan,4,5,8,17,27,43,30,14,10,7,1
Taurus,49,25,14,14,18,14,12,8,7,6,1
Hal,34,28,26,16,10,10,6,8,10,15,4
Vivek,9,15,17,21,24,33,24,13,7,4,0
Garren,8,16,18,19,20,28,23,17,12,5,1
Aleksandr,2,3,5,14,19,17,21,29,28,23,4
Bartholomew,29,29,27,16,11,8,7,7,13,16,4
Tysen,4,6,8,4,10,28,36,33,21,13,2
Bakari,13,11,11,15,19,15,14,11,19,30,9
Mahir,1,1,1,2,6,10,18,23,36,55,13
Pasquale,30,26,23,18,17,15,11,9,9,7,2
Abdallah,2,4,6,9,17,22,23,25,30,22,6
Kyden,0,0,0,0,1,9,24,47,45,35,4
Alister,0,1,4,2,4,5,12,26,48,54,10
Camari,0,0,0,0,3,16,31,33,34,41,9
Tenzin,0,0,0,1,8,17,27,38,38,29,6
Adair,3,2,3,4,10,24,41,30,19,22,7
Jerron,14,20,22,26,19,19,16,12,10,5,1
Corry,40,31,31,23,12,9,7,5,4,2,0
Filiberto,16,19,20,26,23,23,17,11,5,5,1
Elie,8,11,15,14,15,19,22,24,17,17,3
Jaison,19,17,10,9,16,21,25,19,15,12,2
Orson,7,4,5,2,4,5,9,19,40,58,13
Quincey,19,12,12,17,16,22,20,18,13,13,2
Jasai,0,0,0,0,0,2,8,10,23,50,72
Terance,27,29,31,27,17,10,9,8,4,3,0
Asael,1,3,3,7,10,23,30,29,23,26,9
Mick,12,14,16,22,14,14,17,16,18,19,2
Jawad,3,5,5,9,11,17,21,24,31,31,8
Corben,0,0,3,11,17,27,34,35,25,12,2
Javontae,0,0,1,17,27,32,37,19,14,15,3
Danielle,29,38,45,23,13,9,4,2,0,0,0
Ayub,0,0,0,0,6,16,27,33,41,33,9
Darby,24,13,15,17,19,18,16,18,12,8,1
Krystian,0,1,4,13,21,27,39,26,18,14,2
Sandro,24,11,9,10,14,20,19,15,14,21,5
Tylar,0,2,7,29,45,34,22,10,8,5,1
Rubin,27,20,22,19,16,16,12,11,10,9,2
Cortland,5,7,13,23,27,17,16,25,18,12,3
Karam,1,1,1,3,5,9,10,26,44,51,11
Kimani,13,6,3,21,30,21,19,18,16,14,3
Zamari,0,0,0,0,1,5,17,30,39,58,12
Jarek,3,3,11,22,28,32,24,22,10,6,2
Bobbie,44,37,28,18,12,7,6,5,3,2,1
Bennet,1,3,6,7,12,15,19,24,30,36,10
Dondre,4,3,7,52,50,15,9,7,9,5,1
Kysen,0,0,0,0,0,4,13,25,51,58,11
Sven,13,12,13,12,14,14,14,18,24,25,3
Dannie,31,25,20,18,17,14,10,10,8,9,2
Danthony,0,3,9,17,23,25,33,26,14,11,1
Teague,6,7,6,10,12,20,36,31,21,13,2
Viaan,0,0,0,0,0,0,0,23,75,59,6
Broden,0,0,0,2,8,24,56,43,20,9,1
Esdras,1,3,5,8,13,17,20,21,30,36,8
Toney,26,28,27,24,16,13,9,8,5,4,1
Sasha,13,14,14,14,15,16,18,13,15,25,5
Shakur,0,0,1,16,38,25,15,12,22,30,3
Fahad,1,8,8,13,16,17,13,22,29,29,6
Che,33,18,12,16,16,19,19,11,9,7,1
Coltyn,0,0,1,6,9,12,30,50,32,17,3
Giovany,0,1,5,9,18,26,46,37,12,6,2
Natan,3,5,6,8,11,17,22,24,30,29,6
Ubaldo,12,13,16,22,21,25,22,13,10,8,1
Shamus,22,16,12,15,20,20,31,14,8,3,1
Treshawn,0,0,1,13,28,30,36,28,13,11,2
Agastya,0,0,0,0,0,1,10,18,33,74,25
Raylen,0,0,0,1,3,5,9,43,45,46,10
Jerrad,27,39,40,26,17,7,3,2,1,0,0
Ori,3,3,6,8,9,13,21,24,29,38,8
Rosario,23,19,18,21,18,16,13,9,10,11,2
Abiel,2,3,5,8,11,13,22,27,31,29,10
Fynn,0,0,0,0,0,6,14,31,52,50,7
Ibraheem,1,1,4,6,11,18,26,31,29,27,5
Stryker,0,0,0,1,4,5,20,44,46,34,5
Nicole,35,42,41,19,9,8,5,1,1,0,0
Renaldo,22,48,29,15,11,7,10,9,6,4,1
Eoin,1,3,3,7,14,25,26,24,27,27,5
Ivaan,0,0,0,0,0,1,0,4,41,93,22
Teegan,0,0,0,1,3,16,44,47,30,17,3
Jerell,7,15,37,30,16,17,16,9,7,4,1
Barton,42,37,32,16,7,7,5,4,6,2,1
Christina,30,36,49,27,9,5,2,1,0,0,0
Kemari,0,0,0,0,4,15,38,34,27,33,8
Ulices,1,1,4,10,17,27,29,14,23,28,4
Brodrick,15,19,20,24,19,14,18,14,10,4,2
Jacinto,15,18,18,19,16,17,14,12,10,16,4
Macario,13,14,13,13,15,15,20,16,19,18,3
Octavious,10,11,16,24,23,17,18,12,14,12,2
Dyson,1,0,1,4,9,25,36,39,27,15,2
Emily,10,23,29,19,19,26,14,8,5,4,1
Aurelius,3,2,2,1,2,7,10,20,26,65,23
Carrington,0,6,22,30,27,24,15,14,10,8,1
Dashon,6,8,12,29,30,26,20,13,10,6,1
Raziel,0,1,4,12,6,18,21,24,28,37,7
Rojelio,24,27,22,24,17,15,12,8,5,4,1
Stellan,0,0,0,0,1,2,11,26,43,55,19
Kamar,3,3,6,7,13,23,38,29,18,18,2
Azai,0,0,0,0,0,0,2,7,32,87,31
Gio,0,0,0,0,0,2,9,19,32,76,20
Dempsey,8,7,7,7,9,7,13,35,33,28,4
Shulem,2,2,5,7,8,14,22,27,27,37,8
Anthoney,20,20,22,22,21,16,18,11,4,3,0
Huck,0,0,0,0,0,1,7,26,57,58,8
Archibald,4,5,4,5,4,3,5,14,29,67,18
Alpha,6,6,3,5,10,18,24,20,27,31,7
Jeremi,23,21,21,18,11,12,17,14,10,8,2
Daunte,5,8,11,10,16,51,35,10,7,4,1
Keondre,0,0,1,13,27,40,30,18,13,13,2
Nery,1,2,9,10,11,13,56,27,13,13,3
Abran,11,15,11,16,17,22,25,21,10,7,1
Gabrial,13,10,6,9,17,29,40,23,7,2,0
Ashtin,0,0,3,7,12,35,39,25,19,14,2
Efraim,7,8,8,9,10,15,19,24,23,29,5
Yisrael,2,3,4,6,7,12,21,27,34,35,6
Dain,18,20,26,19,16,20,14,9,8,6,1
Shivam,0,0,3,13,32,30,24,22,18,12,3
Jacolby,0,2,16,27,25,25,21,17,13,8,2
Kross,0,0,0,0,6,6,7,8,20,90,18
Shae,8,6,17,29,27,20,19,10,7,11,1
Lakota,1,0,1,13,28,24,26,24,20,18,3
Marquell,3,6,18,26,30,23,18,14,11,8,1
Tayvon,1,2,4,13,22,26,31,22,16,18,3
Chozen,0,0,0,0,0,1,1,2,9,86,57
Davontae,0,0,1,27,29,30,27,17,14,10,2
Cru,0,0,0,1,0,2,11,26,41,64,11
Kristen,32,30,31,20,14,8,6,5,5,4,1
Anirudh,0,0,0,3,12,29,37,34,23,14,3
Ward,25,19,16,12,10,7,9,12,19,22,4
Pietro,17,14,14,12,15,12,14,16,19,18,4
Rivers,1,1,0,3,6,11,17,30,44,38,5
Stefon,2,7,22,35,33,15,11,10,9,9,2
Miquel,20,24,26,23,20,15,12,8,5,4,0
Saxon,1,2,9,19,17,17,21,20,23,22,4
Advik,0,0,0,0,0,2,9,25,56,50,13
Arley,5,5,8,13,5,6,8,29,31,35,9
Cord,7,6,28,34,17,12,10,19,11,9,2
